1	ax:auto:3.19.1.1	axiom	3.19.1.1	am7999b21765407f00e7cc036b2e4b2734	exists V1 ( varnothing in V1 land forall V2 in V1 ( V2 cup { V2 } in V1 ) )	Unendlichkeit
1	def:auto:3.19.2.1	definition	3.19.2.1	amdf863bdba29b8c03162a648290773c76	Induktiv ( V1 ) coloneq varnothing in V1 land forall V2 in V1 ( V2 cup { V2 } in V1 )	induktive Menge
1	thm:auto:3.19.2.1	theorem	3.19.2.1	am78f59219ec45a506d760c18487bb6f14	exists V1 ( Induktiv ( V1 ) )
1	thm:auto:3.19.2.2	theorem	3.19.2.2	am4f0590ea8c96227ec3405c80e05b9ca8	Induktiv ( V1 ) vdash varnothing in V1
1	thm:auto:3.19.2.3	theorem	3.19.2.3	am8c96a6a2ebf05bb0d091cfe6576dcf3b	Induktiv ( V1 ) vdash forall V2 in V1 ( V2 cup { V2 } in V1 )
1	thm:auto:3.19.2.4	theorem	3.19.2.4	am827f6ea782a8f4ff389ccedfeac7af8b	Induktiv ( V1 ) , V2 in V1 vdash V2 cup { V2 } in V1
1	thm:auto:3.19.2.5	theorem	3.19.2.5	am45eb10203851c5cf82b46ae57cd9b25d	Induktiv ( V1 ) , Induktiv ( V2 ) vdash Induktiv ( V1 cap V2 )
1	def:auto:3.19.2.2	definition	3.19.2.2	am749e5ae8b52ff8798e66b32b7488d7da	V1 in V2 vdash t_ { Succ _{V2} } ( V1 ) coloneqq V1 cup { V1 }	Funktionsvorschrift für die Nachfolgerfunktion auf \\(A\\)
1	thm:auto:3.19.2.6	theorem	3.19.2.6	am43f7f9295ac9292301342fdab97814bb	Induktiv ( V1 ) , V2 in V1 vdash t_ { Succ _{V1} } ( V2 ) in V1	Typisierungsaxiom für \\(t_{\\Succ _A}\\)
1	thm:auto:3.19.2.7	theorem	3.19.2.7	am039272fbec437c8220fcd6af5d96c6e0	Induktiv ( V1 ) vdash exists ! V2 colon V1 to V1 forall V3 in V1 V2 ( V3 ) = t_ { Succ _{V1} } ( V3 )	Nachfolgerfunktion als Funktion
1	def:auto:3.19.2.3	definition	3.19.2.3	amb7938b8ed7ef4fdb65783cb2afd5b216	Induktiv ( V1 ) vdash Succ _{V1} coloneqq iota V2 ( V2 colon V1 to V1 land forall V3 in V1 V2 ( V3 ) = t_ { Succ _{V1} } ( V3 ) )	Nachfolgerfunktion auf \\(A\\)
1	thm:auto:3.19.2.8	theorem	3.19.2.8	amab548eed276ef39e9f4c15dab4417e74	Induktiv ( V1 ) vdash Succ _{V1} colon V1 to V1	Nachfolgerfunktion auf \\(A\\)
1	thm:auto:3.19.2.9	theorem	3.19.2.9	amafe184622a81930035c378131dd18f58	Induktiv ( V1 ) vdash TotRel { Succ _{V1} , V1 , V1 }
1	thm:auto:3.19.2.10	theorem	3.19.2.10	amd0671d374f7c345f1963b42cfc558519	Induktiv ( V1 ) , V2 in V1 vdash Succ _{V1} ( V2 ) = V2 cup { V2 }	Grundgleichung der Nachfolgerfunktion
1	thm:auto:3.19.2.11	theorem	3.19.2.11	am156ff387d1882084c37416887e91e5f9	Induktiv ( V1 ) , V2 in V1 vdash Succ _{V1} ( V2 ) in V1	Bild der Nachfolgerfunktion liegt in \\(A\\)
1	thm:auto:3.19.2.12	theorem	3.19.2.12	am04566a2e79e86221553279f101bf896f	V1 in mathbb { V2 } vdash ( V1 cup { V1 } ) in mathbb { V2 }	Nachfolgermenge einer natürlichen Zahl in Vereinigungsform
1	thm:auto:3.19.3.1	theorem	3.19.3.1	amb95571da61660c658616adb416c0b188	exists ! V1 forall V2 ( Induktiv ( V2 ) to V1 = { V3 in V2 mid forall V4 ( Induktiv ( V4 ) to V3 in V4 ) } )
1	def:auto:3.19.3.1	definition	3.19.3.1	am611e46b901784a60ede3962c44696e27	mathbb { V1 } coloneq bigcap { V2 mid Induktiv ( V2 ) }	Menge der natürlichen Zahlen
1	thm:auto:3.19.3.2	theorem	3.19.3.2	am66b90bb5b9a56938f9184b5ea0e620e0	V1 in mathbb { V2 } eqvdash forall \\Induktiv ( V2 ) ( V1 in V2 )
1	thm:auto:3.19.4.1	theorem	3.19.4.1	am7bd88bd222a4ed8485891368c7725f8e	varnothing in mathbb { V1 }	Null-Axiom
1	thm:auto:3.19.4.2	theorem	3.19.4.2	amafb4bec0f2f8246d61383db5dc313f49	forall V1 in mathbb { V2 } ( V1 cup { V1 } in mathbb { V2 } )	Nachfolger-Axiom
1	thm:auto:3.19.4.3	theorem	3.19.4.3	am2cc9480fea17fd5b7135aab9b5059382	Induktiv ( mathbb { V1 } )
1	def:auto:3.19.4.1	definition	3.19.4.1	amdb00affefec401dfd8bbf6f9acb05cec	Succ coloneqq Succ _ { mathbb { V1 } }	Nachfolgerfunktion
1	thm:auto:3.19.4.4	theorem	3.19.4.4	am78afbe59fc1977eb57e4518ade78cd94	Succ colon mathbb { V1 } to mathbb { V1 }
1	thm:auto:3.19.4.5	theorem	3.19.4.5	am7bffdddddeb87156d7a8ecd052833b06	V1 in mathbb { V2 } vdash Succ ( V1 ) in mathbb { V2 }
1	thm:auto:3.19.4.6	theorem	3.19.4.6	am384b07d5636cc83f76795bdd33798395	V1 in mathbb { V2 } vdash Succ ( V1 ) = V1 cup { V1 }
1	thm:auto:3.19.4.7	theorem	3.19.4.7	am619e1af78ba08e79f60c7b5a695fe666	V1 in mathbb { V2 } , V3 in Succ ( V1 ) vdash V3 in V1 lor V3 = V1
1	thm:auto:3.19.4.8	theorem	3.19.4.8	amf024ce2aad134e323e33629a7ab34d5a	V1 in mathbb { V2 } , V3 in Succ ( V1 ) , V3 neq V1 vdash V3 in V1
1	thm:auto:3.19.4.9	theorem	3.19.4.9	amd0652ba5338770d1b51bad466d3dc459	V1 in mathbb { V2 } , V3 subseteq Succ ( V1 ) , V1 notin V3 vdash V3 subseteq V1	Teilmengen einer Nachfolgermenge ohne neues Element
1	thm:auto:3.19.4.10	theorem	3.19.4.10	am13c2aa5d123f7268f796015a89d70284	V1 in mathbb { V2 } , V3 subseteq Succ ( V1 ) , V1 in V3 vdash V3 = ( V3 cap V1 ) cup { V1 }	Teilmengen einer Nachfolgermenge mit neuem Element
1	thm:pp:3.19.4.10:1	theorem	3.19.4.10(i)	am646f96efff4c0247e9d86ff5f74bcfd1	V1 in mathbb { V2 } , V3 subseteq Succ ( V1 ) , V1 in V3 vdash V3 subseteq ( V3 cap V1 ) cup { V1 }	Hinrichtung
1	thm:pp:3.19.4.10:2	theorem	3.19.4.10(ii)	am4be331da6047da5fe5c3a9cc1c7f83ee	V1 in mathbb { V2 } , V3 subseteq Succ ( V1 ) , V1 in V3 vdash ( V3 cap V1 ) cup { V1 } subseteq V3	Rückrichtung
1	thm:auto:3.19.4.11	theorem	3.19.4.11	amb09bf2179a46b3b32576518d8a5fcabc	Induktiv ( V1 ) vdash mathbb { V2 } subseteq V1	Minimalität
1	thm:auto:3.19.4.12	theorem	3.19.4.12	amfdb6e7a5df48e77a58ee96333346b8c4	V1 in mathbb { V2 } vdash V1 subseteq Succ ( V1 )
1	thm:auto:3.19.5.1	theorem	3.19.5.1	am84cb42527ffa12ea57a215e671de6cc5	forall V1 in mathbb { V2 } Succ ( V1 ) in mathbb { V2 }	Nachfolger-Axiom
1	thm:auto:3.19.5.2	theorem	3.19.5.2	amc5606b509414d92e2c7d482b37f700e3	V1 cup { V1 } neq varnothing
1	thm:auto:3.19.5.3	theorem	3.19.5.3	am7e1d30c3ba9476aa845be44e51b56070	V1 in mathbb { V2 } vdash Succ ( V1 ) neq varnothing
1	thm:auto:3.19.5.4	theorem	3.19.5.4	am4f0e7adb181a2dd17b594235d2d70e42	V1 in mathbb { V2 } , V1 neq varnothing vdash exists V3 in mathbb { V2 } ( V1 = Succ ( V3 ) )	Jede von \\(\\varnothing \\) verschiedene natürliche Zahl ist ein Nachfolger
1	thm:auto:3.19.5.5	theorem	3.19.5.5	amec8e04d3a37c4c4dd6f728f0053e5535	V1 in mathbb { V2 } , V3 in mathbb { V2 } , Succ ( V1 ) = Succ ( V3 ) vdash V1 = V3
1	thm:auto:3.19.5.6	theorem	3.19.5.6	am9f469403d77a5feacada517329296b5c	V1 ( varnothing ) , forall V2 in mathbb { V3 } ( V1 ( V2 ) to V1 ( Succ ( V2 ) ) ) vdash Induktiv ( { V2 in mathbb { V3 } mid V1 ( V2 ) } )
1	thm:auto:3.19.5.7	theorem	3.19.5.7	am0eae4fafc200e567aa16bc11bd141241	V1 ( varnothing ) , forall V2 in mathbb { V3 } ( V1 ( V2 ) to V1 ( Succ ( V2 ) ) ) vdash forall V4 in mathbb { V3 } ( V1 ( V4 ) )	Induktion auf \\(\\mathbb {N}\\)
1	thm:auto:3.19.5.8	theorem	3.19.5.8	amdee78e899810593843f43cb433c31a99	V1 ( varnothing ) , [x in mathbb { V2 } , V1 ( V3 ) ] vdots V1 ( Succ ( V3 ) ) , V4 in mathbb { V2 } vdash V1 ( V4 )	Induktion auf \\(\\mathbb {N}\\)
1	thm:auto:3.19.6.1	theorem	3.19.6.1	am1bd4329ec658f686ebe5c8a99b4d560b	V1 colon mathbb { V2 } to V3 vdash V1 ( varnothing ) in H[ mathbb { V2 } ]	Anfangspunkt liegt im Bild einer Funktion von \\(\\mathbb {N}\\)
1	thm:auto:3.19.6.2	theorem	3.19.6.2	am963d04303a3f770682e9d9435941b5a5	V1 colon mathbb { V2 } to V3 , V4 in mathbb { V2 } vdash V1 ( Succ ( V4 ) ) in H[ mathbb { V2 } ]	Folgenglieder bleiben im Bild einer Funktion von \\(\\mathbb {N}\\)
1	thm:auto:3.19.6.3	theorem	3.19.6.3	am4d16299ad8f0b882e773de9582280143	V1 colon mathbb { V2 } inj V3 vdash V1 ( varnothing ) in H[ mathbb { V2 } ]	Anfangspunkt liegt im Bild
1	thm:auto:3.19.6.4	theorem	3.19.6.4	am1fe2c8d4c7e10532245c1072db047a09	V1 colon mathbb { V2 } inj V3 , V4 in mathbb { V2 } vdash V1 ( Succ ( V4 ) ) in H[ mathbb { V2 } ]	Folgenglieder bleiben im Bild
1	thm:auto:3.19.6.5	theorem	3.19.6.5	am59c5f6a07fd9ffc3384fb9fd717b66c6	V1 colon mathbb { V2 } inj V3 , V4 in H[ mathbb { V2 } ] vdash H^ { -1 } ( V4 ) in mathbb { V2 }	Typisierung des inversen Index
1	thm:auto:3.19.6.6	theorem	3.19.6.6	am2406a7eb40383b47fdda884bfeae1b84	V1 colon mathbb { V2 } inj V3 , V4 in mathbb { V2 } vdash V1 ( Succ ( V4 ) ) neq V1 ( varnothing )	Folgenglieder treffen den Anfangspunkt nicht
1	thm:auto:3.19.6.7	theorem	3.19.6.7	ame3db960f34a3a61a47acfdd6f29931b6	V1 colon mathbb { V2 } sur V3 vdash V1 ( varnothing ) in H[ mathbb { V2 } ]	Anfangspunkt liegt im Bild einer surjektiven Funktion von \\(\\mathbb {N}\\)
1	thm:auto:3.19.6.8	theorem	3.19.6.8	amd7b19cbb5258ecc2848b838648b25bab	V1 colon mathbb { V2 } sur V3 , V4 in mathbb { V2 } vdash V1 ( Succ ( V4 ) ) in H[ mathbb { V2 } ]	Folgenglieder bleiben im Bild einer surjektiven Funktion von \\(\\mathbb {N}\\)
1	thm:auto:3.19.6.9	theorem	3.19.6.9	am25bc134ed2fbaf1496674615fd12cbd0	V1 colon mathbb { V2 } bij V3 vdash V1 ( varnothing ) in H[ mathbb { V2 } ]	Anfangspunkt liegt im Bild einer bijektiven Funktion von \\(\\mathbb {N}\\)
1	thm:auto:3.19.6.10	theorem	3.19.6.10	amce3ed03f80611583cf585561c3bd09d3	V1 colon mathbb { V2 } bij V3 , V4 in mathbb { V2 } vdash V1 ( Succ ( V4 ) ) in H[ mathbb { V2 } ]	Folgenglieder bleiben im Bild einer bijektiven Funktion von \\(\\mathbb {N}\\)
1	thm:auto:3.19.7.1	theorem	3.19.7.1	am1326d6ae59df118af733a1ef681449c6	V1 in mathbb { V2 } vdash V1 subseteq mathbb { V2 }
1	thm:pp:3.19.7.1:1	theorem	3.19.7.1(i)	am8f48717ee2cb5b67f9f9f83516c72807	varnothing subseteq mathbb { V1 }	Induktionsanfang
1	thm:pp:3.19.7.1:2	theorem	3.19.7.1(ii)	amd9b968589a48ea6ea5993c24b0daeefc	V1 in mathbb { V2 } , V1 subseteq mathbb { V2 } vdash Succ ( V1 ) subseteq mathbb { V2 }	Induktionsschritt
1	thm:auto:3.19.7.2	theorem	3.19.7.2	amfbe4796587f76406352db5c4a8f3e84d	V1 in mathbb { V2 } vdash bigcup V1 subseteq V1	Transitivität der natürlichen Zahlen
1	thm:pp:3.19.7.2:1	theorem	3.19.7.2(i)	ameac6d088cb11a7f55c3401c19f41fa12	bigcup varnothing subseteq varnothing	Induktionsanfang
1	thm:pp:3.19.7.2:2	theorem	3.19.7.2(ii)	am5734b8ae2fd4b030f4ad2950442e6d68	V1 in mathbb { V2 } , bigcup V1 subseteq V1 vdash bigcup Succ ( V1 ) subseteq Succ ( V1 )	Induktionsschritt
1	thm:auto:3.19.7.3	theorem	3.19.7.3	am250f088af9a1e84ebf23b1f3457065e7	V1 in mathbb { V2 } vdash bigcup V1 subseteq V1 = bigcup Succ ( V1 ) subseteq Succ ( V1 )	Transitivitätskette
1	thm:pp:3.19.7.3:1	theorem	3.19.7.3(i)	am85d224484de506fddd19bad3492d4f01	V1 in mathbb { V2 } vdash V1 = bigcup Succ ( V1 )	Teil I
1	thm:pp:3.19.7.3:2	theorem	3.19.7.3(ii)	amf73354dd548b15db2524e125728bcb55	V1 in mathbb { V2 } vdash bigcup Succ ( V1 ) subseteq Succ ( V1 )	Teil II
1	thm:auto:3.19.7.4	theorem	3.19.7.4	am29faaf153ba58ce30be0261ec1d97376	V1 in mathbb { V2 } vdash bigcup V1 in mathbb { V2 }
1	thm:pp:3.19.7.4:1	theorem	3.19.7.4(i)	amd22f6a88fa8663ed54bef2ee19397783	bigcup varnothing in mathbb { V1 }	Induktionsanfang
1	thm:pp:3.19.7.4:2	theorem	3.19.7.4(ii)	amfc016ce1998b1d1135f983eb17b60ec2	V1 in mathbb { V2 } , bigcup V1 in mathbb { V2 } vdash bigcup Succ ( V1 ) in mathbb { V2 }	Induktionsschritt
1	thm:auto:3.19.7.5	theorem	3.19.7.5	am501776933778b34f07e0ee9e2d7916f3	V1 in mathbb { V2 } vdash V1 in Succ ( V1 )	Element liegt in seinem Nachfolger
1	def:auto:3.19.7.1	definition	3.19.7.1	am2617f4311d9b87a4037ab6a6b8daad2f	V1 in mathbb { V2 } vdash t_ { Pred } ( V1 ) coloneqq bigcup V1	Funktionsvorschrift der Vorgängerfunktion
1	thm:auto:3.19.7.6	theorem	3.19.7.6	ame90528fa5f9fb5ec74cbcd25419c7ada	V1 in mathbb { V2 } vdash t_ { Pred } ( V1 ) in mathbb { V2 }	Typisierungsaxiom für $t_{\\Pred }$
1	thm:auto:3.19.7.7	theorem	3.19.7.7	amce8317f0f3615c3abfffbb8be5cc0a67	exists ! V1 colon mathbb { V2 } to mathbb { V2 } forall V3 in mathbb { V2 } V1 ( V3 ) = t_ { Pred } ( V3 )	Vorgängerfunktion als Funktion
1	def:auto:3.19.7.2	definition	3.19.7.2	am8f43b0f6644daadb2af9eee1d3035c16	Pred coloneqq iota V1 ( V1 colon mathbb { V2 } to mathbb { V2 } land forall V3 in mathbb { V2 } V1 ( V3 ) = t_ { Pred } ( V3 ) )	Vorgängerfunktion
1	thm:auto:3.19.7.8	theorem	3.19.7.8	am9990181a26a9cb2b9b0b23b566dbb836	Pred colon mathbb { V1 } to mathbb { V1 }	Vorgängerfunktion
1	thm:auto:3.19.7.9	theorem	3.19.7.9	am0a97a9b3f316f4e58cc564109f920274	V1 in mathbb { V2 } vdash Pred ( V1 ) in mathbb { V2 }	Vorgänger einer natürlichen Zahl ist natürlich
1	thm:auto:3.19.7.10	theorem	3.19.7.10	am2af3e4a90d2b4fd79fd8d135fafe31d6	V1 in mathbb { V2 } vdash Pred ( V1 ) = bigcup V1	Grundgleichung der Vorgängerfunktion
1	thm:auto:3.19.7.11	theorem	3.19.7.11	am1e5a68c8805ac19527768afabdeadeff	V1 in mathbb { V2 } vdash Pred ( Succ ( V1 ) ) = V1	Vorgänger eines Nachfolgers
1	thm:auto:3.19.7.12	theorem	3.19.7.12	amff7b99c5b79eba5e032ed84fb0e0ac7f	V1 in mathbb { V2 } , V1 neq varnothing vdash V1 = Succ ( Pred ( V1 ) )
1	thm:auto:3.19.7.13	theorem	3.19.7.13	am9e6ad4cfaf697b97032df35229fa07e9	V1 in mathbb { V2 } , V1 neq varnothing , Pred ( V1 ) = V3 vdash V1 = Succ ( V3 )
1	thm:auto:3.19.7.14	theorem	3.19.7.14	amefc4124363e0513428a53e3d75452190	V1 in mathbb { V2 } vdash V1 notin V1
1	thm:pp:3.19.7.14:1	theorem	3.19.7.14(i)	ambaede1b456ac4f8f2587bb7c27aeb298	varnothing notin varnothing	Induktionsanfang
1	thm:pp:3.19.7.14:2	theorem	3.19.7.14(ii)	am87ffce3a289567501e45bd12a190baaa	V1 in mathbb { V2 } , V1 notin V1 vdash Succ ( V1 ) notin Succ ( V1 )	Induktionsschritt
1	thm:auto:3.19.7.15	theorem	3.19.7.15	am30ab23fcc3305b81649ca7e80c8d082f	V1 in mathbb { V2 } vdash varnothing = V1 lor varnothing in V1
1	thm:pp:3.19.7.15:1	theorem	3.19.7.15(i)	am77d93c230df9b2ea6648d157ecc8f2de	varnothing = varnothing lor varnothing in varnothing	Induktionsanfang
1	thm:pp:3.19.7.15:2	theorem	3.19.7.15(ii)	am300bd690fc8582eb1310c936a3d048a9	V1 in mathbb { V2 } , varnothing = V1 lor varnothing in V1 vdash varnothing = Succ ( V1 ) lor varnothing in Succ ( V1 )	Induktionsschritt
1	thm:auto:3.19.7.16	theorem	3.19.7.16	am1eecf9de94dd5f43687644c0be1e043a	V1 in mathbb { V2 } , V3 in mathbb { V2 } , V1 in V3 vdash Succ ( V1 ) = V3 lor Succ ( V1 ) in V3
1	thm:pp:3.19.7.16:1	theorem	3.19.7.16(i)	ambe4428470bac434f96bc1b70d5f5a1b2	V1 in varnothing to ( Succ ( V1 ) = varnothing lor Succ ( V1 ) in varnothing )	Induktionsanfang
1	thm:pp:3.19.7.16:2	theorem	3.19.7.16(ii)	am4dacbcfd018ef0cc5c9c78a95be4d7e8	V1 in mathbb { V2 } , ( V3 in V1 to ( Succ ( V3 ) = V1 lor Succ ( V3 ) in V1 ) ) vdash V3 in Succ ( V1 ) to ( Succ ( V3 ) = Succ ( V1 ) lor Succ ( V3 ) in Succ ( V1 ) )	Induktionsschritt
1	thm:auto:3.19.7.17	theorem	3.19.7.17	amb1532528c0afc2dab447cad0d72e2515	V1 in mathbb { V2 } , V3 in mathbb { V2 } , V1 in V3 vdash Succ ( V1 ) subseteq V3
1	thm:auto:3.19.7.18	theorem	3.19.7.18	amf6ead86f5f1e00623d7b3f2be87d2f49	V1 in mathbb { V2 } , V3 in mathbb { V2 } vdash V1 in V3 lor V3 in V1 lor V1 = V3
1	thm:pp:3.19.7.18:1	theorem	3.19.7.18(i)	am9c41c60bd24511f9b2333fed7bed0d2b	V1 in mathbb { V2 } vdash V1 in varnothing lor varnothing in V1 lor V1 = varnothing	Induktionsanfang
1	thm:pp:3.19.7.18:2	theorem	3.19.7.18(ii)	am9e2df616d8fc0356ac56c07d52bf9349	V1 in mathbb { V2 } , V3 in mathbb { V2 } vdash V1 in Succ ( V3 ) lor Succ ( V3 ) in V1 lor V1 = Succ ( V3 )	Induktionsschritt
1	thm:auto:3.19.7.19	theorem	3.19.7.19	am20d16cc18e59b22c8569361c9901b38c	V1 in mathbb { V2 } , V3 in mathbb { V2 } , neg ( V1 subseteq V3 ) vdash V3 in V1
1	thm:auto:3.19.8.1	theorem	3.19.8.1	am3f1051b4ea37ef154083c53df33fe407	V1 in mathbb { V2 } , V3 in mathbb { V2 } , V1 in V3 vdash V1 subseteq V3	Element ist Teilmenge
1	thm:auto:3.19.8.2	theorem	3.19.8.2	am59a11842d61a8584d95f3d3f8e3d8ea2	V1 in mathbb { V2 } , V3 in mathbb { V2 } , V1 subseteq V3 vdash V1 in V3 lor V1 = V3	Teilmenge oder Gleichheit
1	thm:auto:3.19.8.3	theorem	3.19.8.3	am1d14a59b878ae9099f12854706dc56fa	V1 in mathbb { V2 } , V3 in mathbb { V2 } , V1 subseteq V3 , V1 neq V3 vdash V1 in V3	Echte Teilmenge ist Element
1	thm:auto:3.19.8.4	theorem	3.19.8.4	am83b988e848ee865f766c898c8b3cef85	V1 in mathbb { V2 } , V3 in mathbb { V2 } , V1 in V3 vdash V1 neq V3
1	thm:auto:3.19.8.5	theorem	3.19.8.5	am0a9da187aeea353c2676f104428e2ae8	V1 in mathbb { V2 } , V3 in mathbb { V2 } , V1 in V3 vdash V1 subset V3
1	thm:auto:3.19.8.6	theorem	3.19.8.6	am03f1b572200e057521c43df2a6950113	V1 in mathbb { V2 } , V3 in mathbb { V2 } , V1 subset V3 vdash V1 in V3
1	thm:auto:3.19.8.7	theorem	3.19.8.7	amedbe15d72ba0f6b643ba7b57a636233f	V1 in mathbb { V2 } , V3 in mathbb { V2 } vdash V1 in V3 leftrightarrow V1 subset V3	Mitgliedschaft genau echte Teilmenge
1	def:auto:3.19.9.1	definition	3.19.9.1	ame82909f547d65d25ce4540c7fd021b5d	<_ { mathbb { V1 } } coloneqq { ( V2 , V3 ) in mathbb { V1 } times mathbb { V1 } mid V2 in V3 }	Strikte Ordnungsrelation der natürlichen Zahlen
1	def:auto:3.19.9.2	definition	3.19.9.2	am69c148f0732b2a5a9843228d310298dd	V1 in mathbb { V2 } , V3 in mathbb { V2 } vdash V1 < V3 coloneqq V1 in V3	Notation der strikten natürlichen Ordnung
1	thm:auto:3.19.9.1	theorem	3.19.9.1	am44a90edd8ec9728cadde40483abc4e1f	V1 in mathbb { V2 } , V3 in mathbb { V2 } vdash V1 < V3 leftrightarrow V1 in V3	Mitgliedschaftscharakterisierung der strikten natürlichen Ordnung
1	thm:auto:3.19.9.2	theorem	3.19.9.2	am705959f48c1544b8b02cb76de63b26cb	V1 in mathbb { V2 } , V3 in mathbb { V2 } vdash V1 < V3 leftrightarrow V1 subset V3	Charakterisierung der strikten natürlichen Ordnung
1	thm:auto:3.19.9.3	theorem	3.19.9.3	amcfe50aaefa33b2e3303ea4c039ca6e32	V1 in mathbb { V2 } , V3 in mathbb { V2 } , V1 < V3 vdash ( V1 , V3 ) in <_ { mathbb { V2 } }	Einführung in die strikte natürliche Ordnungsrelation
1	thm:auto:3.19.9.4	theorem	3.19.9.4	amde19e23bc231c46634c3479834f044c8	( V1 , V2 ) in <_ { mathbb { V3 } } vdash V1 in mathbb { V3 } land V2 in mathbb { V3 } land V1 < V2	Elimination der strikten natürlichen Ordnungsrelation
1	def:auto:3.19.9.3	definition	3.19.9.3	am212981195a4832d6e3a32077ec0944e2	leq _ { mathbb { V1 } } coloneqq { ( V2 , V3 ) in mathbb { V1 } times mathbb { V1 } mid V2 subseteq V3 }	Ordnungsrelation der natürlichen Zahlen
1	def:auto:3.19.9.4	definition	3.19.9.4	am22995e7b6bf4f0f9c245c19c685e9085	V1 in mathbb { V2 } , V3 in mathbb { V2 } vdash V1 leq V3 coloneqq V1 subseteq V3	Notation der natürlichen Ordnung
1	thm:auto:3.19.9.5	theorem	3.19.9.5	am2858e1596420f24da62757a885a909f4	V1 in mathbb { V2 } , V3 in mathbb { V2 } vdash V1 leq V3 leftrightarrow V1 subseteq V3	Charakterisierung der natürlichen Ordnung
1	thm:auto:3.19.9.6	theorem	3.19.9.6	am164db28a29dc50c63aad090d6820541b	V1 in mathbb { V2 } , V3 in mathbb { V2 } , V1 leq V3 vdash ( V1 , V3 ) in leq _ { mathbb { V2 } }	Einführung in die natürliche Ordnungsrelation
1	thm:auto:3.19.9.7	theorem	3.19.9.7	am913ab9ac295c84265aa83b68cd1c935c	( V1 , V2 ) in leq _ { mathbb { V3 } } vdash V1 in mathbb { V3 } land V2 in mathbb { V3 } land V1 leq V2	Elimination der natürlichen Ordnungsrelation
1	thm:auto:3.19.9.8	theorem	3.19.9.8	am18ea67c1723b09c7618ed3fcd0cdef20	V1 in mathbb { V2 } , V3 in mathbb { V2 } , V1 < V3 vdash Succ ( V1 ) = V3 lor Succ ( V1 ) < V3	Nachfolger eines kleineren Elements
1	thm:auto:3.19.9.9	theorem	3.19.9.9	am1910216fa23dff6ae388ea32811548cf	V1 in mathbb { V2 } , V3 in mathbb { V2 } , V1 < V3 vdash Succ ( V1 ) leq V3	Nachfolger eines kleineren Elements ist kleiner oder gleich
1	thm:auto:3.19.9.10	theorem	3.19.9.10	am3aea59204743fd9e80cfb8819f582e21	V1 in mathbb { V2 } vdash V1 < Succ ( V1 )	Element ist strikt kleiner als sein Nachfolger
1	thm:auto:3.19.9.11	theorem	3.19.9.11	am489f8f264e798286a5e0e5c3a5e10f30	V1 in mathbb { V2 } vdash V1 leq Succ ( V1 )	Element ist kleiner oder gleich seinem Nachfolger
1	thm:auto:3.19.9.12	theorem	3.19.9.12	ame26f69d1de85a78669c151827ac6c963	V1 in mathbb { V2 } , V3 in mathbb { V2 } vdash V1 in Succ ( V3 ) leftrightarrow V1 leq V3	Elemente einer Nachfolgermenge sind genau die kleineren oder gleichen
1	thm:auto:3.19.9.13	theorem	3.19.9.13	amdfdeb1fb2ad951ab7e111387a5fcad77	V1 in mathbb { V2 } , V3 in mathbb { V2 } , V1 leq V3 vdash V3 notin V1	Natürliche Ordnung schliesst spätere Mitgliedschaft aus
1	thm:auto:3.19.9.14	theorem	3.19.9.14	am86378e4ab8f5fbc38b35357c0de66fa4	V1 in mathbb { V2 } , V3 in mathbb { V2 } vdash V1 < V3 lor V3 < V1 lor V1 = V3	Trichotomie der natürlichen Ordnung
1	thm:auto:3.19.9.15	theorem	3.19.9.15	am961cd9f36022fd4c6f1513156b9ff493	V1 colon mathbb { V2 } to V3 , forall V4 , V5 in mathbb { V2 } ( k<n to V1 ( V4 ) neq V1 ( V5 ) ) vdash V1 colon mathbb { V2 } inj V3	Ordnungstrennung auf \\(\\mathbb {N}\\) impliziert Injektivitaet
1	thm:auto:3.19.9.16	theorem	3.19.9.16	am8816c8c19dce84f5b6790aef6e47fed6	forall V1 in mathbb { V2 } ( V3 ( V1 ) subseteq V3 ( Succ ( V1 ) ) ) , V4 in mathbb { V2 } , V5 in mathbb { V2 } , k<n vdash V3 ( Succ ( V4 ) ) subseteq V3 ( V5 )	Schrittweise Inklusionen induzieren Monotonie
1	thm:pp:3.19.9.16:1	theorem	3.19.9.16(i)	am4f71a8eff46b08cd2cac9f12bceebe8c	forall V1 in mathbb { V2 } ( V3 ( V1 ) subseteq V3 ( Succ ( V1 ) ) ) vdash forall V4 in mathbb { V2 } ( V4 in varnothing to V3 ( Succ ( V4 ) ) subseteq V3 ( varnothing ) )	Induktionsanfang
1	thm:pp:3.19.9.16:2	theorem	3.19.9.16(ii)	am3825a11bfec740f2adb637af48851444	forall V1 in mathbb { V2 } ( V3 ( V1 ) subseteq V3 ( Succ ( V1 ) ) ) , V4 in mathbb { V2 } , forall V5 in mathbb { V2 } ( V5 in V4 to V3 ( Succ ( V5 ) ) subseteq V3 ( V4 ) ) vdash forall V6 in mathbb { V2 } ( V6 in Succ ( V4 ) to V3 ( Succ ( V6 ) ) subseteq V3 ( Succ ( V4 ) ) )	Induktionsschritt
1	thm:auto:3.19.9.17	theorem	3.19.9.17	am0fb773db91f03cafbb9125c46fc6d0ad	V1 in mathbb { V2 } , V3 in mathbb { V2 } , neg ( V1 leq V3 ) vdash V3 < V1	Negation der natürlichen Ordnung
1	thm:auto:3.19.9.18	theorem	3.19.9.18	am4c4bc35ce771505b90007f5167e52e0a	V1 in mathbb { V2 } , V3 in mathbb { V2 } , V1 < V3 vdash V1 leq V3	Strikte natürliche Ordnung impliziert natürliche Ordnung
1	thm:auto:3.19.9.19	theorem	3.19.9.19	amef15b3747b81ff9f026cac281bbc4a8a	V1 in mathbb { V2 } , V3 in mathbb { V2 } , V1 leq V3 vdash V1 < V3 lor V1 = V3	Natürliche Ordnung ist strikte Ordnung oder Gleichheit
1	thm:auto:3.19.9.20	theorem	3.19.9.20	am5e5e4b67c73c95196821990f8e18c0f8	V1 in mathbb { V2 } , V3 in mathbb { V2 } , V1 leq V3 , V1 neq V3 vdash V1 < V3	Ungleiche natürliche Ordnung ist strikt
1	thm:auto:3.19.9.21	theorem	3.19.9.21	ama4b36e305764577f3b56e3490b9553b6	V1 in mathbb { V2 } , V3 in mathbb { V2 } , V1 < V3 vdash V1 neq V3	Strikte natürliche Ordnung impliziert Ungleichheit
1	thm:auto:3.19.9.22	theorem	3.19.9.22	am4dc6e361b71444efde47ffd31531ff28	V1 in mathbb { V2 } , V3 in mathbb { V2 } vdash V1 leq V3 lor V3 leq V1	Vergleichbarkeit der natürlichen Ordnung
1	thm:auto:3.19.9.23	theorem	3.19.9.23	am11b42c6f62a5df62708ea98b5227abf1	TotOrd { leq _ { mathbb { V1 } } , mathbb { V1 } }	Totale Ordnung der natürlichen Zahlen
1	thm:auto:3.19.10.1	theorem	3.19.10.1	am169096b0f729944b9c3644e94f0107ee	V1 subseteq mathbb { V2 } , V1 neq emptyset vdash exists V3 in V1 forall V4 in V1 V3 subseteq V4	Wohlordnungsprinzip der natürlichen Zahlen
1	thm:auto:3.19.10.2	theorem	3.19.10.2	am0a34f3dc3dca6a7f8fcc73e8219378c7	V1 subseteq mathbb { V2 } , V1 neq varnothing vdash exists V3 in V1 forall V4 in V1 V3 leq V4	Wohlordnungsprinzip der natürlichen Zahlen mit \\(\\leq \\)
1	thm:auto:3.19.10.3	theorem	3.19.10.3	amddb21ea856c00acde2a0849b0ee130ff	V1 subseteq mathbb { V2 } , V1 neq varnothing vdash exists V3 in V1 forall V4 in V1 ( ( V3 , V4 ) in leq _ { mathbb { V2 } } )	Wohlordnungsprinzip der natürlichen Zahlen in Relationsform
1	thm:auto:3.19.10.4	theorem	3.19.10.4	amf80f117b4431018227acc9e208f263ca	WellOrd { leq _ { mathbb { V1 } } , mathbb { V1 } }	Wohlordnung der natürlichen Zahlen
1	def:auto:3.19.11.1	definition	3.19.11.1	am9b50ba83f417f5d2198ee3fc49b44d75	x_0 in mathbb { V1 } vdash SOmit { x_0 } coloneqq { V2 in mathbb { V1 } mid V2 neq x_0 }	Ausgelassene Menge zu \\(x_0\\)
1	thm:auto:3.19.11.1	theorem	3.19.11.1	ama24b7a9e4d04e94e71dac49654edd364	x_0 in mathbb { V1 } vdash { V2 in mathbb { V1 } mid V2 neq x_0 } = SOmit { x_0 }
1	thm:auto:3.19.11.2	theorem	3.19.11.2	ama9a7b0e0db3c691aca93c7d552099819	x_0 in mathbb { V1 } vdash SOmit { x_0 } subseteq mathbb { V1 }
1	def:auto:3.19.11.2	definition	3.19.11.2	am9b1c7cf5d66c619169394b2d274590df	V1 in mathbb { V2 } vdash tJomit { x_0 } ( V1 ) coloneqq IfThenElse { V1 in x_0 } { V1 } { Succ ( V1 ) }	Funktionsvorschrift der Auslassungsabbildung
1	thm:auto:3.19.11.3	theorem	3.19.11.3	amc822e2cd817ebd2cc666f4be1f87196f	V1 in mathbb { V2 } , V1 in x_0 vdash tJomit { x_0 } ( V1 ) = V1	Funktionsvorschrift der Auslassungsabbildung im Elementfall
1	thm:auto:3.19.11.4	theorem	3.19.11.4	am24f02124dc299961442b1d96920c434c	V1 in mathbb { V2 } , V1 notin x_0 vdash tJomit { x_0 } ( V1 ) = Succ ( V1 )	Funktionsvorschrift der Auslassungsabbildung im Nicht-Elementfall
1	thm:auto:3.19.11.5	theorem	3.19.11.5	ame0d1d42dac0264d58a5d84851f41d475	x_0 in mathbb { V1 } , V2 in mathbb { V1 } vdash tJomit { x_0 } ( V2 ) in SOmit { x_0 }	Typisierung der Funktionsvorschrift
1	thm:pp:3.19.11.5:1	theorem	3.19.11.5(i)	amdb9b144102216271bc7977e9a8ae615a	x_0 in mathbb { V1 } , V2 in mathbb { V1 } , V2 in x_0 vdash tJomit { x_0 } ( V2 ) in SOmit { x_0 }	Fall $n\\in x_0$
1	thm:pp:3.19.11.5:2	theorem	3.19.11.5(ii)	amc4d1c7488941ca0e0b3cb50b91640349	x_0 in mathbb { V1 } , V2 in mathbb { V1 } , V2 notin x_0 vdash tJomit { x_0 } ( V2 ) in SOmit { x_0 }	Fall $n\\notin x_0$
1	thm:auto:3.19.11.6	theorem	3.19.11.6	am25822c590114d3ad712e0ea1def25774	x_0 in mathbb { V1 } vdash forall V2 in mathbb { V1 } tJomit { x_0 } ( V2 ) in SOmit { x_0 }	Universelle Typisierung der Funktionsvorschrift
1	thm:auto:3.19.11.7	theorem	3.19.11.7	amb856622fd577e353615341c3d25d98ab	x_0 in mathbb { V1 } vdash exists ! V2 colon mathbb { V1 } to SOmit { x_0 } forall V3 in mathbb { V1 } V2 ( V3 ) = tJomit { x_0 } ( V3 )	Auslassungsabbildung als Funktion
1	def:auto:3.19.11.3	definition	3.19.11.3	amc7532b966ed234428b3ecb6a23da117f	x_0 in mathbb { V1 } vdash Jomit { x_0 } coloneqq iota V2 ( V2 colon mathbb { V1 } to SOmit { x_0 } land forall V3 in mathbb { V1 } V2 ( V3 ) = tJomit { x_0 } ( V3 ) )	Auslassungsabbildung
1	thm:auto:3.19.11.8	theorem	3.19.11.8	am71dd76a2e422220204d6e4208bf88fb7	x_0 in mathbb { V1 } vdash Jomit { x_0 } colon mathbb { V1 } to SOmit { x_0 }	Auslassungsabbildung
1	thm:auto:3.19.11.9	theorem	3.19.11.9	am003d41404ec7cd5ea36d22f93e8d4ab6	x_0 in mathbb { V1 } , V2 in mathbb { V1 } vdash Jomit { x_0 } ( V2 ) = tJomit { x_0 } ( V2 )	Grundgleichung der Auslassungsabbildung
1	thm:auto:3.19.11.10	theorem	3.19.11.10	amb0eaa6ec94fe6da5fb9d1fe781dc02dc	x_0 in mathbb { V1 } , V2 in mathbb { V1 } , V2 in x_0 vdash Jomit { x_0 } ( V2 ) = V2	$\\Jomit {x_0}$ im Elementfall
1	thm:auto:3.19.11.11	theorem	3.19.11.11	am200ff43d6527f186256a25c51d515ad8	x_0 in mathbb { V1 } , V2 in mathbb { V1 } , V2 < x_0 vdash Jomit { x_0 } ( V2 ) = V2	$\\Jomit {x_0}$ im strikten Ordnungsfall
1	thm:auto:3.19.11.12	theorem	3.19.11.12	ambc132591772f0f523b134a738eb62d14	x_0 in mathbb { V1 } , V2 in mathbb { V1 } , V2 notin x_0 vdash Jomit { x_0 } ( V2 ) = Succ ( V2 )	$\\Jomit {x_0}$ im Nicht-Elementfall
1	thm:auto:3.19.11.13	theorem	3.19.11.13	am3305107d48f5270838549bf23a327065	x_0 in mathbb { V1 } , V2 in mathbb { V1 } , x_0 leq V2 vdash Jomit { x_0 } ( V2 ) = Succ ( V2 )	$\\Jomit {x_0}$ im nicht-strikten Ordnungsfall
1	thm:auto:3.19.11.14	theorem	3.19.11.14	am218dce07d930600b45fa6f17e1b638d9	x_0 in mathbb { V1 } , V2 in mathbb { V1 } vdash Jomit { x_0 } ( V2 ) in SOmit { x_0 }	Bild der Auslassungsabbildung liegt im Ziel
1	thm:auto:3.19.11.15	theorem	3.19.11.15	ambae60ee223abd0def71b941627b2fe6b	x_0 in mathbb { V1 } , V2 in mathbb { V1 } , V3 in mathbb { V1 } , Jomit { x_0 } ( V2 ) = Jomit { x_0 } ( V3 ) vdash V2 = V3	Injektivität von $\\Jomit {x_0}$
1	thm:pp:3.19.11.15:1	theorem	3.19.11.15(i)	ama54e973a35ea029c8f1f3d2d790721d5	x_0 in mathbb { V1 } , V2 in mathbb { V1 } , V3 in mathbb { V1 } , Jomit { x_0 } ( V2 ) = Jomit { x_0 } ( V3 ) , V2 in x_0 , V3 in x_0 vdash V2 = V3	Fall I
1	thm:pp:3.19.11.15:2	theorem	3.19.11.15(ii)	am6c51f2304cf0bbb2eb91f42e5a87e808	x_0 in mathbb { V1 } , V2 in mathbb { V1 } , V3 in mathbb { V1 } , Jomit { x_0 } ( V2 ) = Jomit { x_0 } ( V3 ) , V2 in x_0 , V3 notin x_0 vdash V2 = V3	Fall II
1	thm:pp:3.19.11.15:3	theorem	3.19.11.15(iii)	amfdac77f29018844e20d69a5c905632ab	x_0 in mathbb { V1 } , V2 in mathbb { V1 } , V3 in mathbb { V1 } , Jomit { x_0 } ( V2 ) = Jomit { x_0 } ( V3 ) , V2 notin x_0 , V3 in x_0 vdash V2 = V3	Fall III
1	thm:pp:3.19.11.15:4	theorem	3.19.11.15(iv)	ama6084eef24f2349e55a9128605c9b6ba	x_0 in mathbb { V1 } , V2 in mathbb { V1 } , V3 in mathbb { V1 } , Jomit { x_0 } ( V2 ) = Jomit { x_0 } ( V3 ) , V2 notin x_0 , V3 notin x_0 vdash V2 = V3	Fall IV
1	thm:auto:3.19.11.16	theorem	3.19.11.16	am57c7b064b1b6626bcd9849c53b874475	x_0 in mathbb { V1 } , V2 in mathbb { V1 } , V3 in mathbb { V1 } , Jomit { x_0 } ( V2 ) = Jomit { x_0 } ( V3 ) , x<x_0 , y<x_0 vdash V2 = V3	Fall $x<x_0,\\; y<x_0$ der Injektivität von $\\Jomit {x_0}$
1	thm:auto:3.19.11.17	theorem	3.19.11.17	amb4c7f737e619fb352a81577e66aa5704	x_0 in mathbb { V1 } , V2 in mathbb { V1 } , V3 in mathbb { V1 } , Jomit { x_0 } ( V2 ) = Jomit { x_0 } ( V3 ) , x<x_0 , x_0 leq V3 vdash V2 = V3	Fall $x<x_0,\\; x_0\\leq y$ der Injektivität von $\\Jomit {x_0}$
1	thm:auto:3.19.11.18	theorem	3.19.11.18	am7b7f4554b47910d9a19772ede7aa72f8	x_0 in mathbb { V1 } , V2 in mathbb { V1 } , V3 in mathbb { V1 } , Jomit { x_0 } ( V2 ) = Jomit { x_0 } ( V3 ) , x_0 leq V2 , y<x_0 vdash V2 = V3	Fall $x_0\\leq x,\\; y<x_0$ der Injektivität von $\\Jomit {x_0}$
1	thm:auto:3.19.11.19	theorem	3.19.11.19	am406258861b2742b2db285fa83ffb38f6	x_0 in mathbb { V1 } , V2 in mathbb { V1 } , V3 in mathbb { V1 } , Jomit { x_0 } ( V2 ) = Jomit { x_0 } ( V3 ) , x_0 leq V2 , x_0 leq V3 vdash V2 = V3	Fall $x_0\\leq x,\\; x_0\\leq y$ der Injektivität von $\\Jomit {x_0}$
1	thm:auto:3.19.11.20	theorem	3.19.11.20	am6b997ea16b6ff00dfa3b724b802ddb4a	x_0 in mathbb { V1 } vdash Jomit { x_0 } colon mathbb { V1 } inj SOmit { x_0 }	$\\Jomit {x_0}$ als injektive Funktion
1	thm:auto:3.19.11.21	theorem	3.19.11.21	am7344db16046af5bfeda932af907f78d7	x_0 in mathbb { V1 } vdash exists V2 colon mathbb { V1 } inj SOmit { x_0 }	Entfernen eines Elements aus $\\mathbb {N}$
1	thm:auto:3.19.11.22	theorem	3.19.11.22	am15cde84445589ec7647eff76943d898f	V1 colon mathbb { V2 } to Succ ( V3 ) , x_0 in mathbb { V2 } vdash ( ( V1 circ iota _ { SOmit { x_0 } , mathbb { V2 } } ) circ Jomit { x_0 } ) colon mathbb { V2 } to Succ ( V3 )	Komposition liefert Abbildung nach $\\Succ (n)$
1	thm:auto:3.19.11.23	theorem	3.19.11.23	amdd0381e35dd513c1988cc3ce75432fc4	x_0 in mathbb { V1 } , V2 in SOmit { x_0 } vdash V2 neq x_0
1	thm:auto:3.19.11.24	theorem	3.19.11.24	am47331ec6a58dc4de72960d24535d9c8a	V1 in mathbb { V2 } , V3 colon mathbb { V2 } inj Succ ( V1 ) , x_0 in mathbb { V2 } , V3 ( x_0 ) = V1 , V4 in mathbb { V2 } vdash ( ( V3 circ iota _ { SOmit { x_0 } , mathbb { V2 } } ) circ Jomit { x_0 } ) ( V4 ) in V1	Typisierungsaxiom
1	thm:auto:3.19.11.25	theorem	3.19.11.25	ama8c6cb779f31f780e6581821ad1c94a6	V1 in mathbb { V2 } , V3 colon mathbb { V2 } inj Succ ( V1 ) , x_0 in mathbb { V2 } , V3 ( x_0 ) = V1 , V4 in mathbb { V2 } vdash ( ( V3 circ iota _ { SOmit { x_0 } , mathbb { V2 } } ) circ Jomit { x_0 } ) ( V4 ) <n	Typisierungsaxiom in Ordnungssprache
1	thm:auto:3.19.11.26	theorem	3.19.11.26	am70de97c45fe0c33cbe53520010327e1f	V1 in mathbb { V2 } , V3 colon mathbb { V2 } inj Succ ( V1 ) , x_0 in mathbb { V2 } , V3 ( x_0 ) = V1 vdash forall V4 in mathbb { V2 } ( ( V3 circ iota _ { SOmit { x_0 } , mathbb { V2 } } ) circ Jomit { x_0 } ) ( V4 ) in V1
1	thm:auto:3.19.11.27	theorem	3.19.11.27	am20929e20528a207b92f583d24917f646	V1 in mathbb { V2 } , V3 colon mathbb { V2 } inj Succ ( V1 ) , x_0 in mathbb { V2 } , V3 ( x_0 ) = V1 vdash forall V4 in mathbb { V2 } ( ( V3 circ iota _ { SOmit { x_0 } , mathbb { V2 } } ) circ Jomit { x_0 } ) ( V4 ) <n
1	thm:auto:3.19.11.28	theorem	3.19.11.28	am5e050de8bd9a6bc20f0bebdaa4b57001	V1 in mathbb { V2 } , V3 colon mathbb { V2 } inj Succ ( V1 ) , x_0 in mathbb { V2 } , V3 ( x_0 ) = V1 vdash ( ( V3 circ iota _ { SOmit { x_0 } , mathbb { V2 } } ) circ Jomit { x_0 } ) colon mathbb { V2 } to V1
1	thm:auto:3.19.11.29	theorem	3.19.11.29	am219259fa2ca679f093f91187d8863b41	V1 in mathbb { V2 } , V3 colon mathbb { V2 } inj Succ ( V1 ) , x_0 in mathbb { V2 } , V3 ( x_0 ) = V1 vdash ( ( V3 circ iota _ { SOmit { x_0 } , mathbb { V2 } } ) circ Jomit { x_0 } ) colon mathbb { V2 } inj V1
1	thm:auto:3.19.11.30	theorem	3.19.11.30	am766d0bba8757c7a925f185a702aeae66	V1 in mathbb { V2 } , V3 colon V4 inj Succ ( V1 ) , forall V5 in V4 ( V3 ( V5 ) neq V1 ) vdash V3 colon V4 inj V1	Abstieg einer Injektion ohne Spitze
1	thm:auto:3.19.11.31	theorem	3.19.11.31	ameeda021199c63c2a0a79a3605e1eff4e	V1 in mathbb { V2 } , V3 colon mathbb { V2 } inj Succ ( V1 ) , x_0 in mathbb { V2 } , V3 ( x_0 ) = V1 vdash exists V4 colon mathbb { V2 } inj V1	Abstieg liefert Injektion nach $n$
1	thm:auto:3.19.11.32	theorem	3.19.11.32	amc42635c29c31af4747b51fd01f4f1a9c	V1 in mathbb { V2 } vdash neg exists V3 colon mathbb { V2 } inj V1	Keine Injektion von $\\mathbb {N}$ nach $n$
1	thm:pp:3.19.11.32:1	theorem	3.19.11.32(i)	am4498f47cadf483ae09af1ef8568002d3	neg exists V1 colon mathbb { V2 } inj varnothing	Induktionsanfang
1	thm:pp:3.19.11.32:2	theorem	3.19.11.32(ii)	amddd5641ff8fb24f389e83067bfe81c70	V1 in mathbb { V2 } , neg exists V3 colon mathbb { V2 } inj V1 vdash neg exists V4 colon mathbb { V2 } inj Succ ( V1 )	Induktionsschritt
1	ax:auto:3.19.11.1	axiom	3.19.11.1	am4a98b2f1660971181436783ab0fd06dd	V1 subseteq mathbb { V2 } times V3	Teilmenge des Produktraums
1	ax:auto:3.19.11.2	axiom	3.19.11.2	amaf315ea66a35e3926ef65a5c3d63e8f0	( varnothing , m_0 ) in V1	Startpaar
1	ax:auto:3.19.11.3	axiom	3.19.11.3	am4aac508c0d9f167f7cef6dde14332947	V1 in mathbb { V2 } , V3 in V4 , ( V1 , V3 ) in V5 vdash ( Succ ( V1 ) , V6 ( V3 ) ) in V5	Rekursionsschritt
1	def:auto:3.19.11.4	definition	3.19.11.4	am54c5eb0a4b55d95b5084caed76c90d7e	AdmRec { m_0 } { V1 } ( V2 )	Begriff der rekursionsadmissiblen Teilmenge
ID	\\protect \\AdmRec  {m_0}{f}(H) 	definition	def:auto:3.19.11.4
1	thm:auto:3.19.11.33	theorem	3.19.11.33	amb58fd2da9894bf95b64b020b04516de9	m_0 in V1 , V2 colon V1 to V1 vdash AdmRec { m_0 } { V2 } ( mathbb { V3 } times V1 )	Der volle Produktraum ist rekursionsadmissibel
1	thm:pp:3.19.11.33:1	theorem	3.19.11.33(i)	am9112b494bb2dfcc2c4cdddbea1577e8f	mathbb { V1 } times V2 subseteq mathbb { V1 } times V2	Teilmenge des Produktraums
1	thm:pp:3.19.11.33:2	theorem	3.19.11.33(ii)	amd3228933d4bcb9461cc9fadf463cf6c1	m_0 in V1 vdash ( varnothing , m_0 ) in mathbb { V2 } times V1	Startpaar
1	thm:pp:3.19.11.33:3	theorem	3.19.11.33(iii)	amcf3f1bec6132889254157eac124eb588	V1 colon V2 to V2 , V3 in mathbb { V4 } , V5 in V2 vdash ( Succ ( V3 ) , V1 ( V5 ) ) in mathbb { V4 } times V2	Rekursionsschritt
1	def:auto:3.19.11.5	definition	3.19.11.5	am33e9aad8b4fd97d6d6a080a64d45fc9c	m_0 in V1 vdash ZeroFix { m_0 } coloneq { ( V2 , V3 ) in mathbb { V4 } times V1 mid V2 = varnothing to V3 = m_0 }	Fixierungsmenge der Nullstufe
ID	m_0\\in M \\vdash \\protect \\ZeroFix  {m_0}\\mathrel {\\mathop :}\\mathrel {\\mkern -1.2mu}=\\{(n,a)\\in \\protect \\mathbb  {N}\\times M \\mid n=\\varnothing \\rightarrow a=m_0\\} 	definition	def:auto:3.19.11.5
1	thm:auto:3.19.11.34	theorem	3.19.11.34	amf39f0fb2c7dcd0aa55628be4cd39202d	m_0 in V1 , V2 colon V1 to V1 vdash AdmRec { m_0 } { V2 } ( ZeroFix { m_0 } )	Fixierungsmenge der Nullstufe ist rekursionsadmissibel
1	thm:pp:3.19.11.34:1	theorem	3.19.11.34(i)	am3ec43bde38b27a8a27577a5a7be06a4b	m_0 in V1 vdash ZeroFix { m_0 } subseteq mathbb { V2 } times V1	Teilmenge des Produktraums
1	thm:pp:3.19.11.34:2	theorem	3.19.11.34(ii)	am20e0d78a2f9a90357f93d18e444de6ff	m_0 in V1 vdash ( varnothing , m_0 ) in ZeroFix { m_0 }	Startpaar
1	thm:pp:3.19.11.34:3	theorem	3.19.11.34(iii)	am9d02cef37df172b1922223d4ba4feb65	m_0 in V1 , V2 colon V1 to V1 , V3 in mathbb { V4 } , V5 in V1 vdash ( Succ ( V3 ) , V2 ( V5 ) ) in ZeroFix { m_0 }	Rekursionsschritt
1	def:auto:3.19.11.6	definition	3.19.11.6	am4036a241823ca1c68fd2a82a7c77e1a6	m_0 in V1 , V2 colon V1 to V1 , V3 in mathbb { V4 } , V5 in V1 vdash Phi _ { V3 , V5 } coloneq { ( V6 , V7 ) in RecCore { m_0 } { V2 } mid V6 = Succ ( V3 ) to V7 = V2 ( V5 ) }	Fixierungsmenge der Nachfolgerstufe
ID	m_0\\in M,\\protect \\allowbreak  \\ f\\protect \\colon  M\\to M,\\protect \\allowbreak  \\ x\\in \\protect \\mathbb  {N},\\protect \\allowbreak  \\ u\\in M \\vdash \\Phi _{x,u}\\mathrel {\\mathop :}\\mathrel {\\mkern -1.2mu}=\\{(y,d)\\in \\protect \\RecCore  {m_0}{f}\\mid y=\\protect \\Succ  (x)\\rightarrow d=f(u)\\} 	definition	def:auto:3.19.11.6
1	thm:auto:3.19.11.35	theorem	3.19.11.35	am11c30144d76ba9c64c35605aa41b2fe0	m_0 in V1 , V2 colon V1 to V1 , V3 in mathbb { V4 } , V5 in V1 , ( V3 , V5 ) in RecCore { m_0 } { V2 } , forall V6 in V1 ( ( V3 , V6 ) in RecCore { m_0 } { V2 } to V6 = V5 ) vdash AdmRec { m_0 } { V2 } ( Phi _ { V3 , V5 } )	Fixierungsmenge der Nachfolgerstufe ist rekursionsadmissibel
1	thm:pp:3.19.11.35:1	theorem	3.19.11.35(i)	am045fc7acdea44bf3ade7cc7fa0a53043	m_0 in V1 , V2 colon V1 to V1 , V3 in mathbb { V4 } , V5 in V1 vdash Phi _ { V3 , V5 } subseteq mathbb { V4 } times V1	Teilmenge des Produktraums
1	thm:pp:3.19.11.35:2	theorem	3.19.11.35(ii)	amba1fd19a50c90aeac8e764dc83c45261	m_0 in V1 , V2 colon V1 to V1 , V3 in mathbb { V4 } , V5 in V1 vdash ( varnothing , m_0 ) in Phi _ { V3 , V5 }	Startpaar
1	thm:pp:3.19.11.35:3	theorem	3.19.11.35(iii)	am3faaffbfa9c1c240dc42878992f1a22e	m_0 in V1 , V2 colon V1 to V1 , V3 in mathbb { V4 } , V5 in V1 , forall V6 in V1 ( ( V3 , V6 ) in RecCore { m_0 } { V2 } to V6 = V5 ) , V7 in mathbb { V4 } , V8 in V1 , ( V7 , V8 ) in Phi _ { V3 , V5 } vdash ( Succ ( V7 ) , V2 ( V8 ) ) in Phi _ { V3 , V5 }	Rekursionsschritt
1	def:auto:3.19.11.7	definition	3.19.11.7	am4ff3cbb9986ba028d358124a04347081	m_0 in V1 , V2 colon V1 to V1 vdash RecCore { m_0 } { V2 } coloneq bigcap _ { AdmRec { m_0 } { V2 } ( V3 ) } V3	Rekursionskern
1	thm:auto:3.19.11.36	theorem	3.19.11.36	ameb35f61fdddf742faa815c57b3e2b2e5	m_0 in V1 , V2 colon V1 to V1 vdash ( V3 , V4 ) in RecCore { m_0 } { V2 } leftrightarrow forall V5 ( AdmRec { m_0 } { V2 } ( V5 ) to ( V3 , V4 ) in V5 )	Charakterisierung des Rekursionskerns
1	thm:pp:3.19.11.36:1	theorem	3.19.11.36(i)	amb8552f1cb35bb8fd915b2d42bf87c255	m_0 in V1 , V2 colon V1 to V1 , ( V3 , V4 ) in RecCore { m_0 } { V2 } vdash forall V5 ( AdmRec { m_0 } { V2 } ( V5 ) to ( V3 , V4 ) in V5 )	Hinrichtung
1	thm:pp:3.19.11.36:2	theorem	3.19.11.36(ii)	am2dc38b7ae52ac7be2ca5a251b2655eb4	m_0 in V1 , V2 colon V1 to V1 , forall V3 ( AdmRec { m_0 } { V2 } ( V3 ) to ( V4 , V5 ) in V3 ) vdash ( V4 , V5 ) in RecCore { m_0 } { V2 }	Rückrichtung
1	thm:auto:3.19.11.37	theorem	3.19.11.37	amd2c5538e8fa0abaa4c97641404af63e1	m_0 in V1 , V2 colon V1 to V1 , AdmRec { m_0 } { V2 } ( V3 ) vdash RecCore { m_0 } { V2 } subseteq V3	Minimalität des Rekursionskerns
1	thm:auto:3.19.11.38	theorem	3.19.11.38	am3dbdcfb5ef7de9cf12241d99b4c1833f	m_0 in V1 , V2 colon V1 to V1 vdash RecCore { m_0 } { V2 } subseteq mathbb { V3 } times V1	Der Rekursionskern liegt im Produktraum
1	thm:auto:3.19.11.39	theorem	3.19.11.39	amf0510c2def776a5b956f0f035882b38a	m_0 in V1 , V2 colon V1 to V1 vdash ( varnothing , m_0 ) in RecCore { m_0 } { V2 }	Das Startpaar liegt im Rekursionskern
1	thm:auto:3.19.11.40	theorem	3.19.11.40	amfa8bec37d8ea9686adc1970b5a259e13	m_0 in V1 , V2 colon V1 to V1 , V3 in mathbb { V4 } , V5 in V1 , ( V3 , V5 ) in RecCore { m_0 } { V2 } vdash ( Succ ( V3 ) , V2 ( V5 ) ) in RecCore { m_0 } { V2 }	Abschluss des Rekursionskerns
1	thm:auto:3.19.11.41	theorem	3.19.11.41	am02e877dfe3f02b7d08781f9cbfc22ad3	m_0 in V1 , V2 colon V1 to V1 vdash AdmRec { m_0 } { V2 } ( RecCore { m_0 } { V2 } )	Der Rekursionskern ist rekursionsadmissibel
1	thm:auto:3.19.11.42	theorem	3.19.11.42	am7fc27f917973f42a07df8aa49be22029	m_0 in V1 , V2 colon V1 to V1 , ( varnothing , V3 ) in RecCore { m_0 } { V2 } vdash V3 = m_0	Die Nullstufe des Rekursionskerns ist festgelegt
1	thm:auto:3.19.11.43	theorem	3.19.11.43	amd0816474bdc5aea78c9678671367beb1	m_0 in V1 , V2 colon V1 to V1 , V3 in mathbb { V4 } , V5 in V1 , ( V3 , V5 ) in RecCore { m_0 } { V2 } , forall V6 in V1 ( ( V3 , V6 ) in RecCore { m_0 } { V2 } to V6 = V5 ) , ( Succ ( V3 ) , V7 ) in RecCore { m_0 } { V2 } vdash V7 = V2 ( V5 )	Die Nachfolgerstufe des Rekursionskerns ist durch die Vorstufe festgelegt
1	thm:auto:3.19.11.44	theorem	3.19.11.44	am05d794b398036dc9db1401f4b9e2ff9c	m_0 in V1 , V2 colon V1 to V1 , V3 in mathbb { V4 } vdash exists V5 in V1 ( ( V3 , V5 ) in RecCore { m_0 } { V2 } )	Existenz eines Werts in jeder Stufe
1	thm:pp:3.19.11.44:1	theorem	3.19.11.44(i)	amfebe9d21311c4115918dd00380755d87	m_0 in V1 , V2 colon V1 to V1 vdash exists V3 in V1 ( ( varnothing , V3 ) in RecCore { m_0 } { V2 } )	Induktionsanfang
1	thm:pp:3.19.11.44:2	theorem	3.19.11.44(ii)	am19a7bdd87f905b1b41b02001ca68c136	m_0 in V1 , V2 colon V1 to V1 , V3 in mathbb { V4 } , exists V5 in V1 ( ( V3 , V5 ) in RecCore { m_0 } { V2 } ) vdash exists V6 in V1 ( ( Succ ( V3 ) , V6 ) in RecCore { m_0 } { V2 } )	Induktionsschritt
1	thm:auto:3.19.11.45	theorem	3.19.11.45	amcb3ecd5215f520a28022e4312ff8d154	m_0 in V1 , V2 colon V1 to V1 , ( varnothing , V3 ) in RecCore { m_0 } { V2 } , ( varnothing , V4 ) in RecCore { m_0 } { V2 } vdash V3 = V4	Eindeutigkeit in der Nullstufe
1	thm:auto:3.19.11.46	theorem	3.19.11.46	am42dfc2237f30e72aa8cc36ba0930afc8	m_0 in V1 , V2 colon V1 to V1 , V3 in mathbb { V4 } , forall V5 in V1 ( ( V3 , V5 ) in RecCore { m_0 } { V2 } to forall V6 in V1 ( ( V3 , V6 ) in RecCore { m_0 } { V2 } to V5 = V6 ) ) , ( Succ ( V3 ) , V7 ) in RecCore { m_0 } { V2 } , ( Succ ( V3 ) , V8 ) in RecCore { m_0 } { V2 } vdash V7 = V8	Eindeutigkeit in der Nachfolgerstufe bei eindeutiger Vorstufe
1	thm:auto:3.19.11.47	theorem	3.19.11.47	am592217d4d08c0167194079b1ca590564	m_0 in V1 , V2 colon V1 to V1 , V3 in mathbb { V4 } , V5 in V1 , V6 in V1 , ( V3 , V5 ) in RecCore { m_0 } { V2 } , ( V3 , V6 ) in RecCore { m_0 } { V2 } vdash V5 = V6	Eindeutigkeit eines Werts in jeder Stufe
1	thm:pp:3.19.11.47:1	theorem	3.19.11.47(i)	am369e92b70fc6f14276e0f12f8f994c22	m_0 in V1 , V2 colon V1 to V1 vdash forall V3 in V1 ( ( varnothing , V3 ) in RecCore { m_0 } { V2 } to forall V4 in V1 ( ( varnothing , V4 ) in RecCore { m_0 } { V2 } to V3 = V4 ) )	Induktionsanfang
1	thm:pp:3.19.11.47:2	theorem	3.19.11.47(ii)	am4bc6d4b6517816f7c4e50cc56573e76f	m_0 in V1 , V2 colon V1 to V1 , V3 in mathbb { V4 } , forall V5 in V1 ( ( V3 , V5 ) in RecCore { m_0 } { V2 } to forall V6 in V1 ( ( V3 , V6 ) in RecCore { m_0 } { V2 } to V5 = V6 ) ) vdash forall V7 in V1 ( ( Succ ( V3 ) , V7 ) in RecCore { m_0 } { V2 } to forall V8 in V1 ( ( Succ ( V3 ) , V8 ) in RecCore { m_0 } { V2 } to V7 = V8 ) )	Induktionsschritt
1	thm:auto:3.19.11.48	theorem	3.19.11.48	am57c83d5ef5ef5049736dac57e016ba8e	m_0 in V1 , V2 colon V1 to V1 , V3 in mathbb { V4 } vdash exists ! V5 in V1 ( ( V3 , V5 ) in RecCore { m_0 } { V2 } )	Eindeutige Existenz eines Werts in jeder Stufe
1	thm:auto:3.19.11.49	theorem	3.19.11.49	am0d5c461910962e84dd5e1a1b25262b22	m_0 in V1 , V2 colon V1 to V1 vdash RecCore { m_0 } { V2 } colon mathbb { V3 } to V1	Der Rekursionskern ist eine Abbildung
1	thm:pp:3.19.11.49:1	theorem	3.19.11.49(i)	am7f3dc41cf620cc4e47e4ca32e34b476e	m_0 in V1 , V2 colon V1 to V1 , ( V3 , V4 ) in RecCore { m_0 } { V2 } , ( V3 , V5 ) in RecCore { m_0 } { V2 } vdash V4 = V5	Funktionale Eindeutigkeit
1	thm:pp:3.19.11.49:2	theorem	3.19.11.49(ii)	am343d15ab3671837db1a4c6d865b448b0	m_0 in V1 , V2 colon V1 to V1 , V3 in mathbb { V4 } vdash exists V5 ( ( V3 , V5 ) in RecCore { m_0 } { V2 } )	Totalität
1	thm:auto:3.19.11.50	theorem	3.19.11.50	am3143b41174982dc79efe440438acd5e3	m_0 in V1 , V2 colon V1 to V1 vdash RecCore { m_0 } { V2 } ( varnothing ) = m_0	Anfangswert des Rekursionskerns
1	thm:auto:3.19.11.51	theorem	3.19.11.51	am47f470e8c73db1e589db5d2bea9bb3e4	m_0 in V1 , V2 colon V1 to V1 , V3 in mathbb { V4 } vdash RecCore { m_0 } { V2 } ( Succ ( V3 ) ) = V2 ( RecCore { m_0 } { V2 } ( V3 ) )	Rekursionsgleichung des Rekursionskerns
1	thm:auto:3.19.11.52	theorem	3.19.11.52	am0ac5e317c3a81352f2934d2610092b64	V1 colon mathbb { V2 } to V3 , V4 colon mathbb { V2 } to V3 , V1 ( varnothing ) = m_0 , V4 ( varnothing ) = m_0 , forall V5 in mathbb { V2 } V1 ( Succ ( V5 ) ) = V6 ( V1 ( V5 ) ) , forall V7 in mathbb { V2 } V4 ( Succ ( V7 ) ) = V6 ( V4 ( V7 ) ) vdash V1 = V4	Eindeutigkeit rekursiv definierter Abbildungen
1	thm:pp:3.19.11.52:1	theorem	3.19.11.52(i)	amec07055fa589a13e1d41e6668a15d9f5	V1 colon mathbb { V2 } to V3 , V4 colon mathbb { V2 } to V3 , V1 ( varnothing ) = m_0 , V4 ( varnothing ) = m_0 , forall V5 in mathbb { V2 } V1 ( Succ ( V5 ) ) = V6 ( V1 ( V5 ) ) , forall V7 in mathbb { V2 } V4 ( Succ ( V7 ) ) = V6 ( V4 ( V7 ) ) vdash V1 ( varnothing ) = V4 ( varnothing )	Induktionsanfang
1	thm:pp:3.19.11.52:2	theorem	3.19.11.52(ii)	am3682b5562bed12d556fdf0e4fad9dc5a	V1 colon mathbb { V2 } to V3 , V4 colon mathbb { V2 } to V3 , V1 ( varnothing ) = m_0 , V4 ( varnothing ) = m_0 , forall V5 in mathbb { V2 } V1 ( Succ ( V5 ) ) = V6 ( V1 ( V5 ) ) , forall V7 in mathbb { V2 } V4 ( Succ ( V7 ) ) = V6 ( V4 ( V7 ) ) , V8 in mathbb { V2 } , V1 ( V8 ) = V4 ( V8 ) vdash V1 ( Succ ( V8 ) ) = V4 ( Succ ( V8 ) )	Induktionsschritt
1	thm:auto:3.19.11.53	theorem	3.19.11.53	am7d514b3c9fb5131f917fbb8774d23d8c	m_0 in V1 , V2 colon V1 to V1 vdash exists V3 colon mathbb { V4 } to V1 ( V3 ( varnothing ) = m_0 land forall V5 in mathbb { V4 } V3 ( Succ ( V5 ) ) = V2 ( V3 ( V5 ) ) )	Existenz einer rekursiv definierten Abbildung
1	thm:auto:3.19.11.54	theorem	3.19.11.54	amdbc4152ea8d221483f03ce2c381e6966	m_0 in V1 , V2 colon V1 to V1 vdash exists ! V3 colon mathbb { V4 } to V1 ( V3 ( varnothing ) = m_0 land forall V5 in mathbb { V4 } V3 ( Succ ( V5 ) ) = V2 ( V3 ( V5 ) ) )	Dedekindscher Rekursionssatz
1	def:auto:3.19.11.8	definition	3.19.11.8	am3d50bdea1b3284d975867ee802bfb05e	m_0 in V1 , V2 colon V1 to V1 vdash RecFun { m_0 } { V2 } coloneqq iota V3 ( V3 colon mathbb { V4 } to V1 land ( V3 ( varnothing ) = m_0 land forall V5 in mathbb { V4 } ( V3 ( Succ ( V5 ) ) = V2 ( V3 ( V5 ) ) ) ) )	Definition der Rekursionsabbildung
ID	m_0\\in M,\\protect \\allowbreak  \\ f\\protect \\colon  M\\to M \\vdash \\protect \\RecFun  {m_0}{f}\\mathrel {\\mathop :}\\mathrel {\\mkern -1.2mu}=\\iota G\\protect \\Bigl  ( G\\protect \\colon  \\protect \\mathbb  {N}\\to M \\land \\protect \\bigl  ( G(\\varnothing )=m_0 \\land \\forall n\\in \\protect \\mathbb  {N}\\protect \\,\\protect \\bigl  ( G(\\protect \\Succ  (n))=f(G(n)) \\protect \\bigr  ) \\protect \\bigr  ) \\protect \\Bigr  ) 	definition	def:auto:3.19.11.8
1	thm:auto:3.19.11.55	theorem	3.19.11.55	amd908f0e3d42ba11c4a1cde7c541baaab	m_0 in V1 , V2 colon V1 to V1 vdash RecFun { m_0 } { V2 } colon mathbb { V3 } to V1	Die Rekursionsabbildung ist eine Abbildung
1	thm:auto:3.19.11.56	theorem	3.19.11.56	am54924abe220509334df806c565e6a514	m_0 in V1 , V2 colon V1 to V1 , V3 in mathbb { V4 } vdash RecFun { m_0 } { V2 } ( V3 ) in V1	Werte der Rekursionsabbildung liegen in $M$
1	thm:auto:3.19.11.57	theorem	3.19.11.57	am1d455fde3dc0721463abe13c2905c2fd	m_0 in V1 , V2 colon V1 to V1 vdash RecFun { m_0 } { V2 } ( varnothing ) = m_0	Anfangswert der Rekursionsabbildung
1	thm:auto:3.19.11.58	theorem	3.19.11.58	am9d4c354490e6f4619cb42052971c0999	m_0 in V1 , V2 colon V1 to V1 , V3 in mathbb { V4 } vdash RecFun { m_0 } { V2 } ( Succ ( V3 ) ) = V2 ( RecFun { m_0 } { V2 } ( V3 ) )	Rekursionsgleichung der Rekursionsabbildung
1	thm:auto:3.19.11.59	theorem	3.19.11.59	am5128103d8e625ffa6beed4b94886ffc9	m_0 in V1 , V2 colon V1 to V1 , V3 in mathbb { V4 } , V3 neq varnothing vdash RecFun { m_0 } { V2 } ( V3 ) = V2 ( RecFun { m_0 } { V2 } ( Pred ( V3 ) ) )	Rekursionsgleichung der Rekursionsabbildung für Nichtnullstellen
1	thm:auto:3.19.11.60	theorem	3.19.11.60	am68e1d81dcad12cf0534faae1dea04462	m_0 in V1 , V2 colon V1 to V1 , V3 in mathbb { V4 } , V3 neq varnothing vdash V2 ( RecFun { m_0 } { V2 } ( Pred ( V3 ) ) ) = RecFun { m_0 } { V2 } ( V3 )
1	thm:auto:3.19.11.61	theorem	3.19.11.61	amf2549ca5a1d8cbce8926fe0419aecbdf	m_0 in V1 , V2 colon V1 to V1 vdash RecFun { m_0 } { V2 } = RecCore { m_0 } { V2 }	Rekursionsabbildung und Rekursionskern stimmen überein
1	thm:auto:3.19.11.62	theorem	3.19.11.62	am1742ab8f3c92208857e80e3d58f69f7e	m_0 in V1 , V2 colon V1 inj V1 , forall V3 in V1 ( V2 ( V3 ) neq m_0 ) , V4 in mathbb { V5 } , V6 in mathbb { V5 } , RecFun { m_0 } { V2 } ( V6 ) = RecFun { m_0 } { V2 } ( Succ ( V4 ) ) vdash V6 neq varnothing	Nullfall des Induktionsschritts für die Rekursionsabbildung
1	thm:auto:3.19.11.63	theorem	3.19.11.63	am9161bef93a0fc02955328cea0dfb7e56	m_0 in V1 , V2 colon V1 inj V1 , forall V3 in V1 ( V2 ( V3 ) neq m_0 ) , V4 in mathbb { V5 } , RecFun { m_0 } { V2 } ( V4 ) = RecFun { m_0 } { V2 } ( varnothing ) vdash V4 = varnothing	Hilfssatz zum Induktionsanfang der Eindeutigkeit der Rekursionsabbildung
1	thm:auto:3.19.11.64	theorem	3.19.11.64	ambc6997018da5b5629f24c1f389b9b1b4	m_0 in V1 , V2 colon V1 inj V1 , forall V3 in V1 ( V2 ( V3 ) neq m_0 ) , V4 in mathbb { V5 } , forall V6 in mathbb { V5 } ( RecFun { m_0 } { V2 } ( V6 ) = RecFun { m_0 } { V2 } ( V4 ) to V6 = V4 ) , V7 in mathbb { V5 } , RecFun { m_0 } { V2 } ( V7 ) = RecFun { m_0 } { V2 } ( Succ ( V4 ) ) vdash V7 = Succ ( V4 )	Hilfssatz zum Induktionsschritt der Eindeutigkeit der Rekursionsabbildung
1	thm:auto:3.19.11.65	theorem	3.19.11.65	amcd38adbfaba5737ae07252a896cd821b	m_0 in V1 , V2 colon V1 inj V1 , forall V3 in V1 ( V2 ( V3 ) neq m_0 ) , V4 in mathbb { V5 } , V6 in mathbb { V5 } , RecFun { m_0 } { V2 } ( V6 ) = RecFun { m_0 } { V2 } ( V4 ) vdash V6 = V4	Eindeutigkeit der Werte der Rekursionsabbildung
1	thm:pp:3.19.11.65:1	theorem	3.19.11.65(i)	am0ab3bcf40742426dcbcd9348c6ed15dc	m_0 in V1 , V2 colon V1 inj V1 , forall V3 in V1 ( V2 ( V3 ) neq m_0 ) vdash forall V4 in mathbb { V5 } ( RecFun { m_0 } { V2 } ( V4 ) = RecFun { m_0 } { V2 } ( varnothing ) to V4 = varnothing )	Induktionsanfang
1	thm:pp:3.19.11.65:2	theorem	3.19.11.65(ii)	amcbce41a2cf3dadf9c600cd4ca7e2e326	m_0 in V1 , V2 colon V1 inj V1 , forall V3 in V1 ( V2 ( V3 ) neq m_0 ) , V4 in mathbb { V5 } , forall V6 in mathbb { V5 } ( RecFun { m_0 } { V2 } ( V6 ) = RecFun { m_0 } { V2 } ( V4 ) to V6 = V4 ) vdash forall V7 in mathbb { V5 } ( RecFun { m_0 } { V2 } ( V7 ) = RecFun { m_0 } { V2 } ( Succ ( V4 ) ) to V7 = Succ ( V4 ) )	Induktionsschritt
1	thm:auto:3.19.11.66	theorem	3.19.11.66	am38c7350470b8c4fc1db9c88405bc636e	m_0 in V1 , V2 colon V1 inj V1 , forall V3 in V1 ( V2 ( V3 ) neq m_0 ) vdash RecFun { m_0 } { V2 } colon mathbb { V4 } inj V1	Die Rekursionsabbildung ist injektiv
1	def:auto:3.19.11.9	definition	3.19.11.9	am5e554477a17e9fd6f0531949ba24a73a	V1 colon mathbb { V2 } inj V3 , V4 in V3 vdash tSuccShift { V1 } ( V4 ) coloneqq IfThenElse { V4 in H[ mathbb { V2 } ] } { V1 ( Succ ( H^ { -1 } ( V4 ) ) ) } { V4 }	Funktionsvorschrift der Folgenverschiebung
ID	H\\protect \\colon  \\protect \\mathbb  {N}\\rightarrowtail M,\\protect \\allowbreak  \\ x\\in M \\vdash \\protect \\tSuccShift  {H}(x)\\mathrel {\\mathop :}\\mathrel {\\mkern -1.2mu}=\\IfThenElse {x\\in H[\\protect \\mathbb  {N}]} {H\\protect \\bigl  (\\protect \\Succ  (H^{-1}(x))\\protect \\bigr  )} {x} 	definition	def:auto:3.19.11.9
1	thm:auto:3.19.11.67	theorem	3.19.11.67	ame3523bb986f54b7e88da90e637c27bb2	V1 colon mathbb { V2 } inj V3 , V4 in V3 , V4 in H[ mathbb { V2 } ] vdash tSuccShift { V1 } ( V4 ) = V1 ( Succ ( H^ { -1 } ( V4 ) ) )	Funktionsvorschrift der Folgenverschiebung im Bildfall
1	thm:auto:3.19.11.68	theorem	3.19.11.68	am596e74b56ffc03b7086638faf295aa7c	V1 colon mathbb { V2 } inj V3 , V4 in mathbb { V2 } vdash tSuccShift { V1 } ( V1 ( V4 ) ) = V1 ( Succ ( V4 ) )	Funktionsvorschrift der Folgenverschiebung auf Folgengliedern
1	thm:auto:3.19.11.69	theorem	3.19.11.69	am17204f89bc8b1224af7edcad3d20607c	V1 colon mathbb { V2 } inj V3 , V4 in V3 , V4 notin H[ mathbb { V2 } ] vdash tSuccShift { V1 } ( V4 ) = V4	Funktionsvorschrift der Folgenverschiebung im Nicht-Bildfall
1	thm:auto:3.19.11.70	theorem	3.19.11.70	amf7c3110aa4cbad407c213d335d2d370e	V1 colon mathbb { V2 } inj V3 , V4 in V3 vdash tSuccShift { V1 } ( V4 ) in V3	Typisierung der Funktionsvorschrift der Folgenverschiebung
1	thm:auto:3.19.11.71	theorem	3.19.11.71	am8428ff769fab40cdfc89b2f0d14d7918	V1 colon mathbb { V2 } inj V3 vdash exists ! V4 colon V3 to V3 forall V5 in V3 V4 ( V5 ) = tSuccShift { V1 } ( V5 )	Folgenverschiebung als Funktion
1	def:auto:3.19.11.10	definition	3.19.11.10	ama7366cb9bc99d1e7c42f0a2203e2be8b	V1 colon mathbb { V2 } inj V3 vdash SuccShift { V1 } coloneqq iota V4 ( V4 colon V3 to V3 land forall V5 in V3 V4 ( V5 ) = tSuccShift { V1 } ( V5 ) )	Folgenverschiebung entlang einer Einbettung
ID	H\\protect \\colon  \\protect \\mathbb  {N}\\rightarrowtail M \\vdash \\protect \\SuccShift  {H}\\mathrel {\\mathop :}\\mathrel {\\mkern -1.2mu}=\\iota S\\protect \\Bigl  ( S\\protect \\colon  M\\to M \\land \\forall x\\in M\\protect \\,S(x)=\\protect \\tSuccShift  {H}(x) \\protect \\Bigr  ) 	definition	def:auto:3.19.11.10
1	thm:auto:3.19.11.72	theorem	3.19.11.72	am625f4808f7139ffb30a95700e0a8da3d	V1 colon mathbb { V2 } inj V3 vdash SuccShift { V1 } colon V3 to V3	Die Folgenverschiebung ist eine Selbstabbildung
1	thm:auto:3.19.11.73	theorem	3.19.11.73	am7d97e371a1b1cded48d208a6f09713b7	V1 colon mathbb { V2 } inj V3 , V4 in V3 vdash SuccShift { V1 } ( V4 ) = tSuccShift { V1 } ( V4 )	Grundgleichung zur Funktionsvorschrift
1	thm:auto:3.19.11.74	theorem	3.19.11.74	am79a78d585454c5ba86c4b50caffff9c9	V1 colon mathbb { V2 } inj V3 , V4 in mathbb { V2 } vdash SuccShift { V1 } ( V1 ( V4 ) ) = V1 ( Succ ( V4 ) )	Grundgleichung der Folgenverschiebung
1	thm:auto:3.19.11.75	theorem	3.19.11.75	ame66ea68e79e2d4918460aba2600916db	V1 colon mathbb { V2 } inj V3 , V4 in V3 , V4 notin H[ mathbb { V2 } ] vdash SuccShift { V1 } ( V4 ) = V4	Fixpunkte der Folgenverschiebung außerhalb des Bildes
1	thm:auto:3.19.11.76	theorem	3.19.11.76	am63bb38e6cff7cf4672c03cadea7a234f	V1 colon mathbb { V2 } inj V3 , V4 in V3 , V5 in V3 , SuccShift { V1 } ( V4 ) = SuccShift { V1 } ( V5 ) vdash V4 = V5	Punktweise Injektivität der Folgenverschiebung
1	thm:pp:3.19.11.76:1	theorem	3.19.11.76(i)	am304c256630644ba55c2a4fc191f6a256	V1 colon mathbb { V2 } inj V3 , V4 in V3 , V4 notin H[ mathbb { V2 } ] , V5 in mathbb { V2 } , SuccShift { V1 } ( V4 ) = SuccShift { V1 } ( V1 ( V5 ) ) vdash bot	Außen-Bild-Widerspruch
1	thm:pp:3.19.11.76:2	theorem	3.19.11.76(ii)	am4b2fcbe2424c65b9f780dd7d7f35369a	V1 colon mathbb { V2 } inj V3 , V4 in mathbb { V2 } , V5 in V3 , V5 notin H[ mathbb { V2 } ] , SuccShift { V1 } ( V1 ( V4 ) ) = SuccShift { V1 } ( V5 ) vdash bot	Bild-Außen-Widerspruch
1	thm:pp:3.19.11.76:3	theorem	3.19.11.76(iii)	amdf6b38cb6a398f3509e9741a047fb224	V1 colon mathbb { V2 } inj V3 , V4 in mathbb { V2 } , V5 in mathbb { V2 } , SuccShift { V1 } ( V1 ( V4 ) ) = SuccShift { V1 } ( V1 ( V5 ) ) vdash V1 ( V4 ) = V1 ( V5 )	Bild-Bild-Injektivität
1	thm:pp:3.19.11.76:4	theorem	3.19.11.76(iv)	am5feb9bc0a49d6676ee21256dea294f57	V1 colon mathbb { V2 } inj V3 , V4 in V3 , V5 in V3 , V4 in H[ mathbb { V2 } ] , V5 in H[ mathbb { V2 } ] , SuccShift { V1 } ( V4 ) = SuccShift { V1 } ( V5 ) vdash V4 = V5	Bild-Bild-Fall
1	thm:pp:3.19.11.76:5	theorem	3.19.11.76(v)	ame858117e9b4051aa0e9c97183dfeb14c	V1 colon mathbb { V2 } inj V3 , V4 in V3 , V5 in V3 , V4 in H[ mathbb { V2 } ] , V5 notin H[ mathbb { V2 } ] , SuccShift { V1 } ( V4 ) = SuccShift { V1 } ( V5 ) vdash V4 = V5	Bild-Außen-Fall
1	thm:pp:3.19.11.76:6	theorem	3.19.11.76(vi)	amb829e609ff0f4a924e8f087d95978f2c	V1 colon mathbb { V2 } inj V3 , V4 in V3 , V5 in V3 , V4 notin H[ mathbb { V2 } ] , V5 in H[ mathbb { V2 } ] , SuccShift { V1 } ( V4 ) = SuccShift { V1 } ( V5 ) vdash V4 = V5	Außen-Bild-Fall
1	thm:pp:3.19.11.76:7	theorem	3.19.11.76(vii)	am100cd141accb07da30698ad90e77dc51	V1 colon mathbb { V2 } inj V3 , V4 in V3 , V5 in V3 , V4 notin H[ mathbb { V2 } ] , V5 notin H[ mathbb { V2 } ] , SuccShift { V1 } ( V4 ) = SuccShift { V1 } ( V5 ) vdash V4 = V5	Außen-Außen-Fall
1	thm:auto:3.19.11.77	theorem	3.19.11.77	amb312224aac91158f277620975d5cc7db	V1 colon mathbb { V2 } inj V3 vdash SuccShift { V1 } colon V3 inj V3	Injektivität der Folgenverschiebung
1	thm:auto:3.19.11.78	theorem	3.19.11.78	am5e50e066bf8f581e7ad835eda762fa08	V1 colon mathbb { V2 } inj V3 , V4 in V3 , SuccShift { V1 } ( V4 ) = V1 ( varnothing ) vdash bot	Kein Urbild des Anfangspunktes
1	thm:pp:3.19.11.78:1	theorem	3.19.11.78(i)	am67334c08e94c7ee582bf013a45598907	V1 colon mathbb { V2 } inj V3 , V4 in mathbb { V2 } , SuccShift { V1 } ( V1 ( V4 ) ) = V1 ( varnothing ) vdash bot	Bildfall
1	thm:pp:3.19.11.78:2	theorem	3.19.11.78(ii)	am7cf71f828b78db7c7e64cafcaca5f7ed	V1 colon mathbb { V2 } inj V3 , V4 in V3 , V4 notin H[ mathbb { V2 } ] , SuccShift { V1 } ( V4 ) = V1 ( varnothing ) vdash bot	Außenfall
1	thm:auto:3.19.11.79	theorem	3.19.11.79	amd67a4a7095af79ff78da7b95f5bfd4e1	V1 colon mathbb { V2 } inj V3 vdash neg ( SuccShift { V1 } colon V3 sur V3 )	Die Folgenverschiebung lässt den Anfangspunkt aus
