1	def:auto:3.2.1	definition	3.2.1	am830b1d1fa77aa1bd247f65e7289ef222	in text { ( zweistelliges Prädikat ) }	Begriff der Menge (Zermelo-Fraenkel-Axiome)
1	def:auto:3.2.1	definition	3.2.1	am7c856a87e148ff82d5bcfa472c19b006	Menge	Begriff der Menge (Zermelo-Fraenkel-Axiome)
ID	Menge	definition	def:auto:3.2.1
1	thm:auto:3.3.1	theorem	3.3.1	am979f573565d5f7fa55be99b79d8b120a	V1 in V2 , V3 notin V2 vdash V1 neq V3
1	thm:auto:3.3.2	theorem	3.3.2	am331519973f50bb684ec42b5d4e59fbad	V1 land V2 land V3 vdash V1
1	ax:auto:3.4.1.1	axiom	3.4.1.1	amc1c91a7797e9a61ff2776975c347c39c	forall V1 ( V1 in V2 leftrightarrow V1 in V3 ) vdash V2 = V3	Extensionalität
1	thm:auto:3.4.1.1	theorem	3.4.1.1	am8dbb094900f3d60c2f30e81e5a8e9615	forall V1 ( V1 in V2 leftrightarrow V1 in V3 ) eqvdash V2 = V3	Extensionalität
1	thm:auto:3.4.1.2	theorem	3.4.1.2	am1f6f2c29fa0241c0a1352edc51ea9d6e	V1 = V2 , V2 in V3 vdash V1 in V3	Ersetzung in der Elementbeziehung
1	thm:auto:3.4.2.1	theorem	3.4.2.1	am8d66324c4bc8b298858db2639a152a71	V1 neq V2 eqvdash exists V3 ( V3 not in V1 land V3 in V2 ) lor exists V4 ( V4 in V1 land V4 not in V2 )
1	thm:auto:3.4.2.2	theorem	3.4.2.2	am7d791ff6b42351369037aa4d95940a6b	V1 in V2 , V1 not in V3 vdash V2 neq V3
1	def:auto:3.5.1.1	definition	3.5.1.1	amc8e82493d15391baabb53d15b469c6bb	V1 subseteq V2 coloneq forall V3 ( V3 in V1 to V3 in V2 )	Teilmenge
1	def:auto:3.5.1.2	definition	3.5.1.2	am687ecce770d48563d062d8eec42f81bd	V1 subset V2 coloneq V1 subseteq V2 land V1 neq V2	Echte Teilmenge
1	thm:auto:3.5.2.1	theorem	3.5.2.1	am649ecab949eb5514a7fe56b7930c136d	V1 subset V2 vdash V1 subseteq V2	Echte Teilmenge ist Teilmenge
1	thm:auto:3.5.2.2	theorem	3.5.2.2	am75d3ab0ab5c0be10398a51f8abba30f1	V1 subset V2 vdash V1 neq V2	Echte Teilmenge ist ungleich
1	thm:auto:3.5.2.3	theorem	3.5.2.3	am9ba746aaec9720aab9fa5669c9ebe48b	V1 subseteq V2 , V1 neq V2 vdash exists V3 in V2 setminus V1	Echte Erweiterung besitzt ein neues Element
1	thm:auto:3.5.2.4	theorem	3.5.2.4	am970816430548926b7587ea2056d77157	V1 subset V2 vdash exists V3 in V2 setminus V1	Echte Teilmenge besitzt ein neues Obermengenelement
1	thm:auto:3.5.2.5	theorem	3.5.2.5	am5d9cab359383b9a399245cf4e42121e2	V1 subseteq V2 , V2 subset V3 vdash V1 subseteq V3	Echte Obermenge erhält Teilmengen
1	thm:auto:3.5.2.6	theorem	3.5.2.6	am2177d90b370fe3f52bcb87436adec76f	V1 subseteq V2 , V3 in V1 vdash V3 in V2
1	thm:auto:3.5.2.7	theorem	3.5.2.7	am679e91977fb799f9fdb491ecde70a2d4	V1 = V2 , V3 in V1 vdash V3 in V2
1	thm:auto:3.5.2.8	theorem	3.5.2.8	am87dfb99c5d6aa2e6cf95d027f87efce3	V1 in V2 , V3 not in V2 vdash V1 neq V3
1	thm:auto:3.5.2.9	theorem	3.5.2.9	am12cf9fc477c48f3bd2091abd38894fac	V1 subseteq V2 , V3 subseteq V2 , V4 in V1 lor V4 in V3 vdash V4 in V2
1	thm:auto:3.5.3.1	theorem	3.5.3.1	amd81b83ca16b46ebea5c932913054dbfd	V1 subseteq V1	Reflexivität von Teilmengen
1	thm:auto:3.5.3.2	theorem	3.5.3.2	am296333f4a059428de5d92784b5fad1e1	V1 subseteq V2 land V2 subseteq V1 eqvdash V1 = V2	Antisymmetrie von Teilmengen
1	thm:auto:3.5.3.3	theorem	3.5.3.3	amf83d7776bd1cb8fdb56413cc878d0952	V1 = V2 vdash V1 subseteq V2
1	thm:auto:3.5.3.4	theorem	3.5.3.4	am07f47636561e9805f51796e54ae8f6ae	V1 = V2 vdash V2 subseteq V1
1	thm:auto:3.5.3.5	theorem	3.5.3.5	amb4f50414f3d8de7f9b4ba7706a49ad86	V1 subseteq V2 , V2 subseteq V1 vdash V1 = V2
1	thm:auto:3.5.3.6	theorem	3.5.3.6	am337fbe6d32525096b8b554d655a0837e	V1 subseteq V2 , V2 subseteq V3 vdash V1 subseteq V3	Transitivität von Teilmengen
1	thm:auto:3.5.3.7	theorem	3.5.3.7	amd902e8025e0bae8043e18a2d5e4b91a3	V1 subseteq V2 vdash exists ! V3 ( V3 subseteq V2 land V3 = V1 )
1	thm:auto:3.5.3.8	theorem	3.5.3.8	amb79467505e45783258f5acd07a3dff27	V1 subseteq V2 , V2 = V3 vdash V1 subseteq V3	Rechtsverträglichkeit von \\(\\subseteq \\) und \\(=\\)
1	ax:auto:3.6.1.1	axiom	3.6.1.1	amebe0d0ee7fd1eeffeec5ed12efa82edf	exists V1 ( forall V2 ( V2 not in V1 ) )	Leere Menge
1	thm:auto:3.6.2.1	theorem	3.6.2.1	am3c60901922c4858a22f0e9ff637b506d	exists ! V1 forall V2 ( V2 not in V1 )
1	def:auto:3.6.2.1	definition	3.6.2.1	amb1d4761094d7802f4e7786698c6d7931	varnothing coloneq iota V1 ( forall V2 ( V2 not in V1 ) )	Leere Menge
1	thm:auto:3.6.2.2	theorem	3.6.2.2	amde296a9cb1dc19d5c88103eb59dd5d02	V1 not in varnothing	Leere Menge
1	thm:auto:3.6.2.3	theorem	3.6.2.3	amcb4b74ef4b49721937bd5e43f659dd76	exists V1 in varnothing V2 ( V1 ) vdash V3
1	thm:auto:3.6.2.4	theorem	3.6.2.4	am185c3df9a5f1ff2762865126e17aad36	forall V1 V1 notin V2 vdash V2 = varnothing
1	thm:auto:3.6.3.1	theorem	3.6.3.1	am6a88d7e0f15597319f613c7b752779f4	forall V1 ( varnothing subseteq V1 )
1	thm:auto:3.6.3.2	theorem	3.6.3.2	amb2e2bcd83b546cc990cf54110ab05bbf	varnothing subseteq V1	Leere Menge ist Teilmenge
1	thm:auto:3.6.3.3	theorem	3.6.3.3	amfcf7a35b622217c94f155ab40bc9e22d	V1 subseteq varnothing vdash V1 = varnothing	Teilmenge der leeren Menge
1	thm:auto:3.6.3.4	theorem	3.6.3.4	am848be5f2407f540a0a957ebacf72bf83	V1 subseteq V2 , forall V3 in V2 ( V3 not in V1 ) vdash V1 = varnothing
1	thm:auto:3.6.3.5	theorem	3.6.3.5	amb787bb155c1d9c1a9aec080b4ad38ae0	V1 in V2 vdash V2 neq varnothing
1	thm:auto:3.6.3.6	theorem	3.6.3.6	ambab6df68e4c087fdbfadf2b0e0ef1ec4	exists V1 ( V1 in V2 ) vdash V2 neq varnothing
1	thm:auto:3.6.3.7	theorem	3.6.3.7	am300b12d2f225d4afc1398246d8f8b7ad	V1 neq varnothing eqvdash exists V2 ( V2 in V1 )
1	thm:auto:3.6.3.8	theorem	3.6.3.8	am26e04c81748482f41bdf39584e5a35e6	V1 neq varnothing vdash exists V2 in V1	Nichtleere Menge hat ein Element
1	thm:auto:3.6.3.9	theorem	3.6.3.9	amec829d0e2af2947f9f486245e4346adb	V1 subseteq V2 , V1 neq varnothing vdash exists V3 in V2 V3 in V1	Nichtleere Teilmenge hat ein Element im Oberbereich
1	ax:auto:3.7.1.1	axiom	3.7.1.1	amf2297182935035a11630d575f1837ca4	exists V1 forall V2 ( V2 in V1 leftrightarrow V2 in V3 land V4 ( V2 ) )	Aussonderung
1	thm:auto:3.7.2.1	theorem	3.7.2.1	am269f2778166655200bcece07d278c11a	forall V1 ( V1 in V2 leftrightarrow V3 ( V1 ) ) , forall V4 ( V4 in V5 leftrightarrow V3 ( V4 ) ) vdash V2 = V5	Zur Eindeutigkeit
1	thm:auto:3.7.2.2	theorem	3.7.2.2	am7b95b1986a97b352afefa9bbbf6a36c6	exists V1 ( forall V2 ( V2 in V1 leftrightarrow V3 ( V2 ) ) ) vdash exists ! V4 ( forall V5 ( V5 in V4 leftrightarrow V3 ( V5 ) ) )	Eindeutigkeit der Komprehension
1	thm:auto:3.7.2.3	theorem	3.7.2.3	amafeee71e5d0711095e1f920b0c827703	forall V1 ( V2 ( V1 ) to V1 in V3 ) vdash exists V4 ( forall V5 ( V5 in V4 leftrightarrow V2 ( V5 ) ) )
1	thm:auto:3.7.2.4	theorem	3.7.2.4	am3a1ed645f71e294caa051962fd3d54ba	forall V1 ( V2 ( V1 ) to V1 in V3 ) vdash exists ! V4 ( forall V5 ( V5 in V4 leftrightarrow V2 ( V5 ) ) )
1	def:auto:3.7.2.1	definition	3.7.2.1	amdc9ae96848892bf992bf5fa0a854c1cb	{ V1 in V2 mid V3 ( V1 ) } coloneq iota V4 ( forall V5 ( V5 in V4 leftrightarrow ( V5 in V2 land V3 ( V5 ) ) ) )	Aussonderung
1	thm:auto:3.7.2.5	theorem	3.7.2.5	amed5733b2228f55983646e8ec280e8502	V1 in { V2 in V3 mid V4 ( V2 ) } eqvdash V1 in V3 land V4 ( V1 )	Aussonderung
1	thm:auto:3.7.2.6	theorem	3.7.2.6	ame1e0b2545dfa59db55733f0cf70b646f	V1 in V2 , V3 ( V1 ) vdash V1 in { V1 in V2 mid V3 ( V1 ) }
1	thm:auto:3.7.2.7	theorem	3.7.2.7	am0140cbf18814d3d31e4e7b7b35cac557	V1 in V2 , V3 ( V1 ) , V4 = { V1 in V2 mid V3 ( V1 ) } vdash V1 in V4
1	thm:auto:3.7.3.1	theorem	3.7.3.1	am80657cf69c5df935ed94e64c9266d22f	V1 in { V1 in V2 mid V3 ( V1 ) } vdash V1 in V2
1	thm:auto:3.7.3.2	theorem	3.7.3.2	am220bb379ccfbf9e7327e02735d7bc8fb	V1 in V2 , V2 = { V1 in V3 mid V4 ( V1 ) } vdash V1 in V3
1	thm:auto:3.7.3.3	theorem	3.7.3.3	ambd1b185e31414187f18642c21cae2592	V1 in { V1 in V2 mid V3 ( V1 ) } vdash V3 ( V1 )
1	thm:auto:3.7.3.4	theorem	3.7.3.4	am9253b30bc1b1a2f60e9e39c95bd899dd	V1 in V2 , V2 = { V1 in V3 mid V4 ( V1 ) } vdash V4 ( V1 )
1	thm:auto:3.7.3.5	theorem	3.7.3.5	am95bd2f32196152e27df722522dd6efd3	V1 not in { V1 in V2 mid V3 ( V1 ) } eqvdash ( V1 not in V2 lor neg V3 ( V1 ) )
1	thm:auto:3.7.3.6	theorem	3.7.3.6	am241dd4e357c6771ad4e4c6a6c65c7e9b	{ V1 in V2 mid V3 ( V1 ) } subseteq V2
1	thm:auto:3.7.3.7	theorem	3.7.3.7	amd3e352c85ca426d1481d4aa91410cdbd	V1 = { V2 in V3 mid V4 ( V2 ) } vdash V1 subseteq V3
1	thm:auto:3.7.3.8	theorem	3.7.3.8	am47469a3a9c0c53da26bce53f3290979b	forall V1 in V2 ( V3 ( V1 ) ) , V4 in V2 vdash V3 ( V4 )
1	thm:auto:3.7.3.9	theorem	3.7.3.9	amdf33bc01e7cb890118feea5c4e1f3f1c	forall V1 in V2 ( V3 ( V1 ) ) eqvdash V2 = { V1 in V2 mid V3 ( V1 ) }
1	thm:auto:3.7.3.10	theorem	3.7.3.10	amdbe50121fc52e4e719fca9b692877361	V1 subseteq { V2 in V3 mid V4 ( V2 ) } vdash forall V5 in V1 ( V4 ( V5 ) )
1	thm:auto:3.8.1.1	theorem	3.8.1.1	am503a824788ea5bce61dd7e1c3af37494	neg exists V1 in V2 ( V3 ( V1 ) ) eqvdash forall V4 in V2 ( neg V3 ( V4 ) )
1	thm:auto:3.8.1.2	theorem	3.8.1.2	am2c6e14e7a6e97bef1e47f7a40a7258a3	neg exists V1 in V2 V3 ( V1 ) , V1 in V2 vdash neg V3 ( V1 )
1	thm:auto:3.8.1.3	theorem	3.8.1.3	am27324f56edbbaa9cd83b9dbeb687df25	neg exists V1 in V2 ( neg V3 ( V1 ) ) eqvdash forall V4 in V2 ( V3 ( V4 ) )
1	thm:auto:3.8.1.4	theorem	3.8.1.4	amed2d06385a4cf928d2289cf85816710d	neg forall V1 in V2 ( V3 ( V1 ) ) eqvdash exists V4 in V2 ( neg V3 ( V4 ) )
1	thm:auto:3.8.1.5	theorem	3.8.1.5	ame3b88062ff2be1f19d9acaf43b835763	neg forall V1 in V2 ( neg V3 ( V1 ) ) eqvdash exists V4 in V2 ( V3 ( V4 ) )
1	thm:auto:3.8.2.1	theorem	3.8.2.1	am8f4a3d0c5e5a62b546120e0de3c00d2a	exists V1 in V2 ( V3 ( V1 ) ) eqvdash neg forall V4 in V2 ( neg V3 ( V4 ) )
1	thm:auto:3.8.2.2	theorem	3.8.2.2	am9566b3c35ee76887c687dd39783072ba	exists V1 in V2 ( neg V3 ( V1 ) ) eqvdash neg forall V4 in V2 ( V3 ( V4 ) )
1	thm:auto:3.8.2.3	theorem	3.8.2.3	ama9d9c8c4ce8ca288e4d44616fe305d83	forall V1 in V2 ( V3 ( V1 ) ) eqvdash neg exists V4 in V2 ( neg V3 ( V4 ) )
1	thm:auto:3.8.2.4	theorem	3.8.2.4	am5704695320a36a01704cb43976c6be85	forall V1 in V2 ( neg V3 ( V1 ) ) eqvdash neg exists V4 in V2 ( V3 ( V4 ) )
1	thm:auto:3.8.3.1	theorem	3.8.3.1	ame6161c94e99ec08593faa3682e03866d	neg forall V1 in V2 ( V3 ( V1 ) to neg V4 ( V1 ) ) eqvdash exists V5 in V2 ( V3 ( V5 ) land V4 ( V5 ) )
1	thm:auto:3.8.3.2	theorem	3.8.3.2	am5213f44b0cc0fb78f34d2e895b4e7525	neg forall V1 in V2 ( V3 ( V1 ) to V4 ( V1 ) ) eqvdash exists V5 in V2 ( V3 ( V5 ) land neg V4 ( V5 ) )
1	thm:auto:3.8.3.3	theorem	3.8.3.3	am11cfb4bce8c777ad45582805101862bf	forall V1 in V2 ( V3 ( V1 ) to V4 ( V1 ) ) eqvdash neg exists V5 in V2 ( V3 ( V5 ) land neg V4 ( V5 ) )
1	thm:auto:3.8.3.4	theorem	3.8.3.4	am8aec0d203338d0964edd02cde8a489a5	forall V1 in V2 ( V3 ( V1 ) to neg V4 ( V1 ) ) eqvdash neg exists V5 in V2 ( V3 ( V5 ) land V4 ( V5 ) )
1	thm:auto:3.8.3.5	theorem	3.8.3.5	am79d5be3e96f4bcf61c7aed1a1bb44e01	forall V1 in V2 ( V3 ( V1 ) leftrightarrow V4 ( V1 ) ) eqvdash neg exists V5 in V2 ( V3 ( V5 ) land neg V4 ( V5 ) ) land neg exists V6 in V2 ( V4 ( V6 ) land neg V3 ( V6 ) )	Negation der beschränkten Äquivalenz
1	thm:auto:3.8.3.6	theorem	3.8.3.6	am4198fcd09b37664a0f29ee385ec7a32b	neg forall V1 in V2 ( V3 ( V1 ) leftrightarrow V4 ( V1 ) ) eqvdash exists V5 in V2 ( V3 ( V5 ) land neg V4 ( V5 ) ) lor exists V6 in V2 ( V4 ( V6 ) land neg V3 ( V6 ) )
1	thm:auto:3.8.4.1	theorem	3.8.4.1	am71a082dce4845e837fd4c03eac700ad2	exists V1 in V2 forall V3 in V4 ( V5 ( V1 , V3 ) ) eqvdash neg forall V6 in V2 exists V7 in V4 ( neg V5 ( V6 , V7 ) )
1	thm:auto:3.8.4.2	theorem	3.8.4.2	am7da17ebb2a71e907dd03ea38f0a67bd8	forall V1 in V2 exists V3 in V4 ( V5 ( V1 , V3 ) ) eqvdash neg exists V6 in V2 forall V7 in V4 ( neg V5 ( V6 , V7 ) )
1	thm:auto:3.8.4.3	theorem	3.8.4.3	ambaa113f532965a288ece695af3b6a1c8	exists V1 in V2 exists V3 in V4 ( V5 ( V1 , V3 ) ) eqvdash neg forall V6 in V2 forall V7 in V4 ( neg V5 ( V6 , V7 ) )
1	thm:auto:3.8.4.4	theorem	3.8.4.4	amd213c69b580cff6c89880c14dcd6358b	forall V1 in V2 forall V3 in V4 ( V5 ( V1 , V3 ) ) eqvdash neg exists V6 in V2 exists V7 in V4 ( neg V5 ( V6 , V7 ) )
1	thm:auto:3.8.4.5	theorem	3.8.4.5	am5aade2ac6fc8765d83aac57b405dc6cb	exists V1 in V2 forall V3 in V4 ( neg V5 ( V1 , V3 ) ) eqvdash neg forall V6 in V2 exists V7 in V4 ( V5 ( V6 , V7 ) )
1	thm:auto:3.8.4.6	theorem	3.8.4.6	am3c2129869b4e227d8bf6702aaf9ab272	forall V1 in V2 exists V3 in V4 ( neg V5 ( V1 , V3 ) ) eqvdash neg exists V6 in V2 forall V7 in V4 ( V5 ( V6 , V7 ) )
1	thm:auto:3.8.4.7	theorem	3.8.4.7	am25e3b7510b16e849db8ef5476dab0df2	exists V1 in V2 exists V3 in V4 ( neg V5 ( V1 , V3 ) ) eqvdash neg forall V6 in V2 forall V7 in V4 ( V5 ( V6 , V7 ) )
1	thm:auto:3.8.4.8	theorem	3.8.4.8	amfdc28dc7bbea270c4f4077154b713b08	forall V1 in V2 forall V3 in V4 ( neg V5 ( V1 , V3 ) ) eqvdash neg exists V6 in V2 exists V7 in V4 ( V5 ( V6 , V7 ) )
1	thm:auto:3.9.1	theorem	3.9.1	am3ae435dea9582b8af1da43e8285f03c0	neg exists V1 forall V2 ( V2 in V1 leftrightarrow V2 not in V2 )	Russells Paradoxon in der ZF-Mengenlehre
1	thm:auto:3.9.2	theorem	3.9.2	am513afdd5a851c45455f19cf10e20ae83	exists V1 forall V2 ( V2 in V1 ) vdash forall V3 ( V3 not in V3 leftrightarrow V3 in V1 land V3 not in V3 )
1	thm:auto:3.9.3	theorem	3.9.3	amda6021a50cf73d093505cb3738f63504	neg exists V1 forall V2 ( V2 in V1 )
1	def:auto:3.10.1.1	definition	3.10.1.1	am88aa63dba03aacdf4404eb999f01a4b4	V1 cap V2 coloneq { V3 in V1 mid V3 in V2 }	Schnitt
1	thm:auto:3.10.2.1	theorem	3.10.2.1	amc1accc22f438da00bb9487733fe8042a	V1 in V2 cap V3 vdash V1 in V2
1	thm:auto:3.10.2.2	theorem	3.10.2.2	amdd55980e5bad97f1e22905931aad68ea	V1 in V2 cap V3 vdash V1 in V3
1	thm:auto:3.10.2.3	theorem	3.10.2.3	amc61def0b8dea3df17d10b26d7673ee7e	V1 in V2 cap V3 eqvdash V1 in V2 land V1 in V3
1	thm:auto:3.10.2.4	theorem	3.10.2.4	ambced18d6da16a2fcfc2431d7e1ce0621	V1 in V2 , V1 in V3 vdash V1 in V2 cap V3
1	thm:auto:3.10.2.5	theorem	3.10.2.5	am6e30fa33c06131b83e3b3f75ebf0e62b	V1 in ( V2 cap V3 ) cap V4 eqvdash ( V1 in V2 land V1 in V3 ) land V1 in V4
1	thm:auto:3.10.2.6	theorem	3.10.2.6	ameb99283d3cbed1c18c99b18d6dea3bb3	V1 in V2 cap ( V3 cap V4 ) eqvdash V1 in V2 land ( V1 in V3 land V1 in V4 )
1	thm:auto:3.10.2.7	theorem	3.10.2.7	am257754644ebd4358116179ddb52d2e52	V1 = V1 cap V1	Idempotenz des Schnitts
1	thm:auto:3.10.2.8	theorem	3.10.2.8	amd3f7f3ba885e97d856da97e2ae5c5fbb	V1 cap V2 = V2 cap V1	Kommutativität des Schnitts
1	thm:auto:3.10.2.9	theorem	3.10.2.9	am4681bdf7b6943d391cd134bf0a7331c6	( V1 cap V2 ) cap V3 = V1 cap ( V2 cap V3 )	Assoziativität des Schnitts
1	thm:auto:3.10.2.10	theorem	3.10.2.10	am6ff9192755d14ae9fcc70fb3eb17c63f	V1 cap V2 subseteq V1
1	thm:auto:3.10.2.11	theorem	3.10.2.11	amd6bd894f53300caca1935c0a392d85f8	V1 cap V2 subseteq V2
1	thm:auto:3.10.2.12	theorem	3.10.2.12	am00a91c5bfe100d5faf7af9d14218cce2	V1 subseteq V2 vdash V1 cap V3 subseteq V2
1	thm:auto:3.10.2.13	theorem	3.10.2.13	am5a77621b1d534dd153957ef2a464c23e	V1 subseteq V2 vdash V3 cap V1 subseteq V2
1	thm:auto:3.10.2.14	theorem	3.10.2.14	am3b3ed823797029e2a7f89a5c7909b283	V1 subseteq V2 , V1 subseteq V3 vdash V1 subseteq V2 cap V3	Teilmengen im Durchschnitt
1	thm:auto:3.10.2.15	theorem	3.10.2.15	am67aaa31c10c9724e998c16974562839c	V1 subseteq V2 vdash V1 cap V3 subseteq V2 cap V3
1	thm:auto:3.10.2.16	theorem	3.10.2.16	am790f6ceaf242d6728b4c131306fca5e5	V1 subseteq V2 eqvdash V1 cap V2 = V1
1	thm:auto:3.10.2.17	theorem	3.10.2.17	amc031794c32dc6441058efe602add6bbe	V1 subseteq V2 eqvdash V2 cap V1 = V1
1	thm:auto:3.10.2.18	theorem	3.10.2.18	am345d7bd53c5944ef3324fcfd0c0402c9	varnothing cap V1 = varnothing
1	thm:auto:3.10.2.19	theorem	3.10.2.19	amb52b4791ac59b18fd2fdb90d3a676b11	V1 cap varnothing = varnothing
1	thm:auto:3.10.2.20	theorem	3.10.2.20	amd4fa978419d28e69e9e456479e5a9983	V1 = V2 , V3 = V4 , V2 cap V4 = V5 vdash V1 cap V3 = V5
1	thm:auto:3.10.2.21	theorem	3.10.2.21	am7174bd0f94a7e41cb041a19ba8bdb97f	V1 cap V2 = varnothing , V3 in V1 vdash V3 notin V2
1	thm:auto:3.10.2.22	theorem	3.10.2.22	am529b83eac466dfecd79dc31c44324092	V1 cap V2 = varnothing , V3 in V2 vdash V3 notin V1
1	thm:auto:3.10.3.1	theorem	3.10.3.1	amb84cee42bd9eb1640edb03e99275ae28	V1 ( V2 ) vdash { V3 in V4 mid forall V5 ( V1 ( V5 ) to V3 in V5 ) } subseteq { V3 in V2 mid forall V6 ( V1 ( V6 ) to V3 in V6 ) }
1	thm:auto:3.10.3.2	theorem	3.10.3.2	amae4f7fcae26c3c662fef5ca6e3021ad6	V1 ( V2 ) , V1 ( V3 ) vdash { V4 in V2 mid forall V5 ( V1 ( V5 ) to V4 in V5 ) } = { V4 in V3 mid forall V6 ( V1 ( V6 ) to V4 in V6 ) }
1	thm:auto:3.10.3.3	theorem	3.10.3.3	ama9a37c043b1ec802b49e6999df3d127e	exists V1 forall V2 ( V3 ( V2 ) to V1 = { V4 in V2 mid forall V5 ( V3 ( V5 ) to V4 in V5 ) } )
1	thm:auto:3.10.3.4	theorem	3.10.3.4	ambb848e7b6cdd9b1e487a65bd241af2e0	V1 ( B_0 ) , forall V2 ( V1 ( V2 ) to V3 = { V4 in V2 mid forall V5 ( V1 ( V5 ) to V4 in V5 ) } ) , forall V6 ( V1 ( V6 ) to V7 = { V4 in V6 mid forall V8 ( V1 ( V8 ) to V4 in V8 ) } ) vdash V3 = V7
1	thm:auto:3.10.3.5	theorem	3.10.3.5	am91b978a7968adac8fc749d65b51d0156	V1 ( V2 ) vdash exists ! V3 forall V4 ( V1 ( V4 ) to V3 = { V5 in V4 mid forall V6 ( V1 ( V6 ) to V5 in V6 ) } )
1	def:auto:3.10.3.1	definition	3.10.3.1	am7ac670a8201ad638fa56c24a618edd8e	exists V1 V2 ( V1 ) to bigcap _ { V2 ( V3 ) } V3 coloneq iota V4 forall V5 ( V2 ( V5 ) to V4 = { V6 in V5 mid forall V7 ( V2 ( V7 ) to V6 in V7 ) } )	Der unendliche Schnitt
1	def:auto:3.10.3.2	definition	3.10.3.2	am65871ec37b50f538b95dc0d472a7db6a	exists V1 V2 ( V1 ) to bigcap { V3 mid V2 ( V3 ) } coloneq bigcap _ { V2 ( V3 ) } V3	Notationserweiterung
1	thm:auto:3.10.3.6	theorem	3.10.3.6	am0c7e16a5e2cd954ca14d39b8d802b12a	V1 ( V2 ) vdash bigcap _ { V1 ( V3 ) } V3 = { V4 in V2 mid forall V5 ( V1 ( V5 ) to V4 in V5 ) }
1	thm:auto:3.10.3.7	theorem	3.10.3.7	amd4f9584d638ae84083e86efa8006c4c8	V1 ( V2 ) vdash V3 in bigcap _ { V1 ( V4 ) } V4 leftrightarrow V3 in { V3 in V2 mid forall V5 ( V1 ( V5 ) to V3 in V5 ) }
1	thm:auto:3.10.3.8	theorem	3.10.3.8	amb323e7a4e72d29c9b7d1d6e25f3e65c1	V1 ( V2 ) vdash V3 in bigcap _ { V1 ( V4 ) } V4 leftrightarrow forall V5 ( V1 ( V5 ) to V3 in V5 )
1	thm:auto:3.10.3.9	theorem	3.10.3.9	am0313c3e373693e244bfc9af3867d38db	exists V1 ( V2 ( V1 ) ) vdash V3 in bigcap _ { V2 ( V4 ) } V4 leftrightarrow forall V5 ( V2 ( V5 ) to V3 in V5 )
1	thm:auto:3.10.3.10	theorem	3.10.3.10	am313f1ab0cf1c06a178e901417f904861	V1 ( V2 ) vdash bigcap _ { V1 ( V3 ) } V3 subseteq V2
1	thm:auto:3.10.3.11	theorem	3.10.3.11	amdb87014220053b16cdcf396fa1c18db9	V1 ( V2 ) , V2 = { V3 in V4 mid V5 ( V3 ) } , V6 in bigcap _ { V1 ( V7 ) } V7 vdash V5 ( V6 )	Elemente des unendlichen Schnitts erfüllen die definierende Eigenschaft
1	ax:auto:3.11.1.1	axiom	3.11.1.1	amc27ca2c8c14b205452f42793f8954729	exists V1 ( forall V2 ( V2 in V1 leftrightarrow V2 = V3 lor V2 = V4 ) )	Paarmenge
1	def:auto:3.11.2.1	definition	3.11.2.1	am7e4e59df329e83608932ab5e8f920fd5	{ V1 , V2 } coloneq iota V3 ( forall V4 ( V4 in V3 leftrightarrow V4 = V1 lor V4 = V2 ) )	Paarmenge
1	thm:auto:3.11.2.1	theorem	3.11.2.1	am8b412e94409cf3e09c6d4e080e289ea7	V1 in { V2 , V3 } eqvdash ( V1 = V2 lor V1 = V3 )
1	def:auto:3.11.2.2	definition	3.11.2.2	amf010d9318468b4e050deeae5e655d101	( V1 , V2 ) coloneq { { V1 } , { V1 , V2 } }	Geordnetes Paar
1	thm:auto:3.11.3.1	theorem	3.11.3.1	am7b9cc054e1b2dddc2ffc4ec1493c7732	V1 notin { V2 , V3 } eqvdash V1 neq V2 land V1 neq V3
1	thm:auto:3.11.3.2	theorem	3.11.3.2	am7716ec44cf7c683954f82c5b62a6209e	V1 in { V1 , V2 }
1	thm:auto:3.11.3.3	theorem	3.11.3.3	am5f5ba381f3daf0c3889b6641e403339c	V1 in { V2 , V1 }
1	thm:auto:3.11.3.4	theorem	3.11.3.4	amd21294d1fff7771542deaa8467fcdcbe	{ V1 , V2 } = { V2 , V1 }
1	thm:auto:3.11.3.5	theorem	3.11.3.5	amead076d0bb6a62b9fbc1fcdbc9ba7274	{ V1 , V2 } neq varnothing
1	def:auto:3.11.3.1	definition	3.11.3.1	am12675676e99b8f4e62132d00501d0142	{ V1 } coloneq { V1 , V1 }	Einermenge
1	thm:auto:3.11.3.6	theorem	3.11.3.6	am8d960ea329a0346d225ad68320b9ea4f	V1 in { V1 }
1	thm:auto:3.11.3.7	theorem	3.11.3.7	am43878d70837518f672144131753b4580	V1 in { V2 } eqvdash V1 = V2
1	thm:auto:3.11.3.8	theorem	3.11.3.8	amec8f1fbdcc4b3e263a5b24494aadd3b3	V1 notin { V2 } eqvdash V1 neq V2
1	thm:auto:3.11.3.9	theorem	3.11.3.9	ame0b7228352e32c094e53d0c6924473c1	{ V1 in V2 mid V1 in { V3 } } = { V1 in V2 mid V1 = V3 }
1	thm:auto:3.11.3.10	theorem	3.11.3.10	amc331ad338e073498315b3a6a5c45169a	{ V1 } = { V2 , V3 } vdash V1 = V2 land V1 = V3
1	thm:auto:3.11.3.11	theorem	3.11.3.11	am8831c3554fdd27e6b2e67605b0eb280c	exists V1 in { V2 , V3 } V4 ( V1 ) vdash V4 ( V2 ) lor V4 ( V3 )
1	thm:auto:3.11.3.12	theorem	3.11.3.12	am56cc06aeb772c3f3b367bef2e762f7d1	V1 in V2 vdash { V1 } subseteq V2
1	thm:auto:3.11.3.13	theorem	3.11.3.13	am73a4d684b55bc64c10b8d87f4df0b2be	V1 in V2 vdash V2 cap { V2 , V1 } neq varnothing
1	thm:auto:3.11.3.14	theorem	3.11.3.14	am476e80899c432b3c7c42d921d6fae507	V1 in V2 vdash V2 cap { V1 , V2 } neq varnothing
1	thm:auto:3.11.3.15	theorem	3.11.3.15	am5672b6030a57c5c1c0cc89aea2dddd5d	{ V1 } = { V2 } eqvdash V1 = V2
1	thm:auto:3.11.3.16	theorem	3.11.3.16	am6c11b6e3210aeb866c3075aa42e4b4ef	V1 = V2 , V3 = V4 vdash { V1 , V3 } subseteq { V2 , V4 }
1	thm:auto:3.11.3.17	theorem	3.11.3.17	am78c9adfcb5da5b4b53a5639254904f20	V1 = V2 , V3 = V4 vdash { V1 , V3 } subseteq { V4 , V2 }
1	thm:auto:3.11.3.18	theorem	3.11.3.18	am4ebebdb731564dee0bf48d8c803002a5	V1 = V2 , V3 = V4 vdash { V1 , V3 } = { V2 , V4 }
1	thm:auto:3.11.3.19	theorem	3.11.3.19	am3e010eb852f1cfa523f33b43f7882f5f	V1 = V2 land V3 = V4 vdash { V1 , V3 } = { V2 , V4 }	Sei \\(A\\) eine Menge und \\(a,b,c,d\\in A\\), dann gilt:
1	thm:auto:3.11.3.20	theorem	3.11.3.20	am1498ef5bdecad43b1a14d3214ebe4f18	V1 = V2 , V3 = V4 vdash { V1 , V3 } = { V4 , V2 }
1	thm:auto:3.11.3.21	theorem	3.11.3.21	am4963a4f01ed5b43de44da60a0af998ae	V1 = V2 land V3 = V4 vdash { V1 , V3 } = { V4 , V2 }
1	thm:auto:3.11.3.22	theorem	3.11.3.22	am547e08590e21fab7989786661937879c	{ V1 , V2 } = { V3 , V4 } vdash ( V1 = V3 lor V1 = V4 ) land ( V2 = V3 lor V2 = V4 )
1	thm:auto:3.11.3.23	theorem	3.11.3.23	am34d763e7715dae2b9fb47218b930e177	{ V1 , V2 } = { V3 , V4 } , V1 = V3 , V2 = V3 vdash V4 = V3
1	thm:auto:3.11.3.24	theorem	3.11.3.24	am66be788253dcc73f1aa3203a14664014	{ V1 , V2 } = { V3 , V4 } , V1 = V4 , V2 = V4 vdash V3 = V4
1	thm:auto:3.11.3.25	theorem	3.11.3.25	amb1c702c08c8ea924d8b8f8c0639e1b5e	{ V1 , V2 } = { V3 , V4 } eqvdash ( ( V1 = V3 land V2 = V4 ) lor ( V1 = V4 land V2 = V3 ) )
1	thm:auto:3.11.3.26	theorem	3.11.3.26	ambe74a20e7936b1ee2eeb9aac2e9dda7e	{ V1 , V2 } = { V3 , V4 } , V1 = V3 vdash V2 = V4
1	thm:auto:3.11.4.1	theorem	3.11.4.1	am344e5ca4722aa113305916f87e91b134	( V1 , V2 ) = ( V3 , V4 ) eqvdash V1 = V3 land V2 = V4	Sei \\(A\\) eine Menge und \\(a,b,c,d\\in A\\), dann gilt:
1	thm:auto:3.11.4.2	theorem	3.11.4.2	am7075e6ed8dc7b52e2968af9948bd15d1	V1 = V2 , V3 = V4 vdash ( V1 , V3 ) = ( V2 , V4 )	Sei \\(A\\) eine Menge und \\(a,b,c,d\\in A\\), dann gilt:
1	thm:auto:3.11.4.3	theorem	3.11.4.3	am549d7142bf853a67298de1927cb4d73d	V1 neq V2 vdash ( V3 , V1 ) neq ( V4 , V2 )	Sei \\(A\\) eine Menge und \\(a,b,c,d\\in A\\), dann gilt:
1	thm:auto:3.11.4.4	theorem	3.11.4.4	am755e3c0e8cc17eb84ed311019a4fbf11	V1 neq V2 vdash ( V1 , V3 ) neq ( V2 , V4 )	Sei \\(A\\) eine Menge und \\(a,b,c,d\\in A\\), dann gilt:
1	def:auto:3.11.4.1	definition	3.11.4.1	amb474a6afce52806530f5e597b346ec55	( V1 , V2 , V3 ) coloneq ( V1 , ( V2 , V3 ) )	Tripel (rechtsassoziiert)
1	thm:auto:3.11.4.5	theorem	3.11.4.5	amde81af10230821c3be443edfd819ba66	( V1 , V2 , V3 ) = ( a' , b' , c' ) eqvdash V1 = a' land V2 = b' land V3 = c'	Seien \\(a,b,c,a',b',c'\\) Elemente einer Menge \\(A\\). Dann gilt:
1	thm:auto:3.11.4.6	theorem	3.11.4.6	am3c1b5ab6a2eeeb19fd6a2d27d56f4ac7	V1 = a' , V2 = b' , V3 = c' vdash ( V1 , V2 , V3 ) = ( a' , b' , c' )	Seien \\(a,b,c,a',b',c'\\) Elemente einer Menge \\(A\\). Dann gilt:
1	thm:auto:3.11.4.7	theorem	3.11.4.7	am95e4a20aa23ccf994b6e499b7ac1ae49	( ( V1 , V2 ) , V3 ) = ( ( a' , b' ) , c' ) eqvdash V1 = a' land V2 = b' land V3 = c'	Seien \\(a,b,c,a',b',c'\\) Elemente einer Menge \\(A\\). Dann gilt:
1	thm:auto:3.11.4.8	theorem	3.11.4.8	am39c4395c738ca7e4249652c3f51356e8	V1 = a' , V2 = b' , V3 = c' vdash ( ( V1 , V2 ) , V3 ) = ( ( a' , b' ) , c' )	Seien \\(a,b,c,a',b',c'\\) Elemente einer Menge \\(A\\). Dann gilt:
1	def:auto:3.12.1	definition	3.12.1	amb94bc773272092eba0c95b141bab8ea8	V1 setminus V2 coloneq { V3 in V1 mid V3 notin V2 }
1	thm:auto:3.12.1	theorem	3.12.1	am06e012ff293fec64e71099e8ad3d0251	V1 in V2 setminus V3 eqvdash V1 in V2 land V1 notin V3
1	thm:auto:3.12.2	theorem	3.12.2	am045ece7b22f2bb1589bde6d8be7dab29	V1 in V2 setminus V3 vdash V1 in V2
1	thm:auto:3.12.3	theorem	3.12.3	ama45a9ab1bda0ffc7e8aa0bac94db8aa0	V1 in V2 setminus V3 vdash V1 notin V3
1	thm:auto:3.12.4	theorem	3.12.4	amd419cd2d346bd6ec9cfb2584a9e475c0	V1 in V2 setminus { V3 } vdash V1 neq V3
1	thm:auto:3.12.5	theorem	3.12.5	am0c6f6c637354b45009f6acfd746d1236	V1 in V2 setminus { V3 , V4 } vdash V1 neq V3
1	thm:auto:3.12.6	theorem	3.12.6	am35b08ffd2bf94db9f6c7929c40e74008	V1 in V2 setminus { V3 , V4 } vdash V1 neq V4
1	thm:auto:3.12.7	theorem	3.12.7	amee7125d9b8ed5b7785299b3f12b407d2	V1 in V2 setminus V3 , V4 in V3 vdash V1 neq V4
1	thm:auto:3.12.8	theorem	3.12.8	amb0eec7eea934946bff34823695381a84	V1 notin V2 setminus { V1 }
1	thm:auto:3.12.9	theorem	3.12.9	amfb9d5eeefaa77cec69b3846f6a6346b1	V1 notin V2 setminus { V1 , V3 }
1	thm:auto:3.12.10	theorem	3.12.10	am268ead076bc5ecc69dfd4803d395300a	V1 notin V2 setminus { V3 , V1 }
1	thm:auto:3.12.11	theorem	3.12.11	amd5be8477afc03eb7dc3a50093fe5eea8	V1 in V2 , V1 neq V3 vdash V1 in V2 setminus { V3 }
1	thm:auto:3.12.12	theorem	3.12.12	amd8203d8d1daddf5790e8addf72d508cf	V1 in V2 , V3 neq V1 vdash V1 in V2 setminus { V3 }
1	thm:auto:3.12.13	theorem	3.12.13	am899b28f83376c340fe55599e0d222ee7	V1 setminus V2 subseteq V1
1	thm:auto:3.12.14	theorem	3.12.14	am17e5ec198eb2af345ce6c8ffce4903f0	V1 subseteq V2 , V2 setminus V1 = varnothing vdash V2 subseteq V1
1	thm:auto:3.12.15	theorem	3.12.15	amd9069c0e2f672a331cb1e7550a631773	V1 subseteq V2 vdash V1 setminus V3 subseteq V2
1	thm:auto:3.12.16	theorem	3.12.16	am70d3cfcc7f1fb2b1bbb73343e4709f27	V1 subseteq V2 , V3 subseteq V2 vdash V1 subseteq V3 eqvdash V2 setminus V3 subseteq V2 setminus V1	Komplement kehrt Inklusion um
ID	RelCompAntitone	theorem	thm:auto:3.12.16
1	thm:auto:3.12.17	theorem	3.12.17	amb4d5bcec58a9774e7c3272ace6bfadbe	V1 subseteq V2 vdash V2 setminus ( V2 setminus V1 ) = V1	Relatives Komplement ist involutiv
ID	RelCompInvolutive	theorem	thm:auto:3.12.17
1	thm:auto:3.12.18	theorem	3.12.18	am9aa77d29d2794f4726ef27811e3c3e4b	V1 subseteq V2 , V3 subseteq V2 , V2 setminus V3 = V2 setminus V1 vdash V3 = V1	Gleichheit relativer Komplemente kürzen
ID	RelCompEqualityCancel	theorem	thm:auto:3.12.18
1	thm:auto:3.12.19	theorem	3.12.19	amb1601e76406a5b1df8fcad84db20176b	V1 = V1 setminus { V2 } vdash V2 notin V1
1	ax:auto:3.13.1.1	axiom	3.13.1.1	am536b5c5492b7b69a4f826ca93b5d2cba	exists V1 forall V2 ( V2 in V1 leftrightarrow exists V3 in V4 ( V2 in V3 ) )	Vereinigung
1	def:auto:3.13.2.1	definition	3.13.2.1	am416a256e64b224ce0bfbe8b415a11dd8	bigcup V1 coloneq iota V2 ( forall V3 ( V3 in V2 leftrightarrow exists V4 in V1 ( V3 in V4 ) ) )	Vereinigung
1	thm:auto:3.13.2.1	theorem	3.13.2.1	am863412953a8d351f6e0215a733d5f19f	V1 in bigcup V2 eqvdash exists V3 in V2 ( V1 in V3 )
1	thm:auto:3.13.2.2	theorem	3.13.2.2	amf64576f795e690b975943bcb583011cf	bigcup varnothing = varnothing
1	thm:auto:3.13.2.3	theorem	3.13.2.3	amecc48b596c451242690429ff568aee4f	V1 in V2 , V3 in V1 vdash V3 in bigcup V2
1	def:auto:3.13.2.2	definition	3.13.2.2	am25444f9a6430e74047389aa552dd1721	V1 cup V2 coloneq bigcup { V1 , V2 }	Vereinigung zweier Mengen
1	thm:auto:3.13.2.4	theorem	3.13.2.4	am5dc397b3b00676b9dad37c79dcb642f0	V1 in V2 cup V3 eqvdash V1 in bigcup { V2 , V3 }
1	thm:auto:3.13.2.5	theorem	3.13.2.5	amb427d697388671e9014f17298daba2f8	V1 subseteq V2 vdash bigcup V1 subseteq bigcup V2
1	thm:auto:3.13.2.6	theorem	3.13.2.6	amd8d2f107dec6ba2677c75a41cce53f48	V1 in V2 cup V3 eqvdash V1 in V2 lor V1 in V3
1	thm:auto:3.13.3.1	theorem	3.13.3.1	am0d6b77dfa119923d831490cb57622079	V1 in V2 vdash V1 in V2 cup V3
1	thm:auto:3.13.3.2	theorem	3.13.3.2	am78850ea89b21ac87ca876a3056e0bc55	V1 in V2 vdash V1 in V3 cup V2
1	thm:auto:3.13.3.3	theorem	3.13.3.3	ama837eae2822646b8d2de7bdd643ebb98	V1 in { V2 , V3 } eqvdash V1 in { V2 } cup { V3 }
1	thm:auto:3.13.3.4	theorem	3.13.3.4	am5d5dcf2ab38517d0aeb123ebf503bbfe	{ V1 , V2 } = { V1 } cup { V2 }
1	thm:auto:3.13.3.5	theorem	3.13.3.5	amb84410769c715ca90e0a5ce7e6748bb7	V1 in V2 cup { V1 }
1	thm:auto:3.13.3.6	theorem	3.13.3.6	ambd825007be9ad45f4a87182416043c03	V1 in { V1 } cup V2
1	thm:auto:3.13.3.7	theorem	3.13.3.7	am9fbf022425a477ca13c948279d2926c9	{ V1 } cup V2 neq varnothing
1	thm:auto:3.13.3.8	theorem	3.13.3.8	amfdbe3e42a511111ef3e55cd325010a34	V1 cup { V2 } neq varnothing
1	thm:auto:3.13.3.9	theorem	3.13.3.9	am5133364ee0de593ad73d7e6ccf1b3e2a	V1 cup { V2 } = V1 eqvdash V2 in V1
1	thm:auto:3.13.3.10	theorem	3.13.3.10	ama30d8848173ec67adbe6d4a7ead373c0	V1 notin V2 , V3 = V2 cup { V1 } vdash V3 not subseteq V2
1	thm:auto:3.13.3.11	theorem	3.13.3.11	am91a92f673db2b932ec41beae4253f9cb	V1 in V2 cup { V3 } vdash V1 in V2 lor V1 = V3	Zerlegung einer Adjunktion
1	thm:auto:3.13.3.12	theorem	3.13.3.12	am320f71bfa03e7d200cfb2d07c0e3ba12	V1 in V2 eqvdash V1 in V2 cup V2
1	thm:auto:3.13.3.13	theorem	3.13.3.13	am9335724afbd5d3227626494d0308a4dd	V1 = V1 cup V1	Idempotenz
1	thm:auto:3.13.3.14	theorem	3.13.3.14	am97856b4b75ae1af1ff25b84cf11164da	V1 in V2 cup V3 eqvdash V1 in V3 cup V2
1	thm:auto:3.13.3.15	theorem	3.13.3.15	amda6d6b1c8ec98a01ff8711eda99fbed2	V1 cup V2 = V2 cup V1	Kommutativität
1	thm:auto:3.13.3.16	theorem	3.13.3.16	amdf6f19297edebad827f6089ffa9f9758	V1 in V2 eqvdash V1 in V2 cup varnothing
1	thm:auto:3.13.3.17	theorem	3.13.3.17	ama2f8c69ab0b78cb0590fb238ff8360a6	V1 = V1 cup varnothing
1	thm:auto:3.13.3.18	theorem	3.13.3.18	am7c444f082d2d6f903b1457aec049e599	V1 = varnothing cup V1
1	thm:auto:3.13.3.19	theorem	3.13.3.19	am8ef7c47185556a0e3cf09f88f9a05601	V1 cup { V1 } = { varnothing } eqvdash V1 = varnothing
1	thm:auto:3.13.3.20	theorem	3.13.3.20	am28c14431dec9377a4473a3127f16431e	V1 in V2 cup V3 eqvdash V1 not in V2 to V1 in V3
1	thm:auto:3.13.3.21	theorem	3.13.3.21	am73157d65d1c5dec81beba7eaaca5ea49	V1 in V2 cup V3 eqvdash V1 not in V3 to V1 in V2
1	thm:auto:3.13.3.22	theorem	3.13.3.22	amfc82d8343a118b15b0ed2a71f1676ad0	V1 in ( V2 cup V3 ) cup V4 eqvdash ( V1 in V2 lor V1 in V3 ) lor V1 in V4
1	thm:auto:3.13.3.23	theorem	3.13.3.23	am87aab9a165f0d26d75d9d78e493c0b81	V1 in V2 cup ( V3 cup V4 ) eqvdash V1 in V2 lor ( V1 in V3 lor V1 in V4 )
1	thm:auto:3.13.3.24	theorem	3.13.3.24	am92625ef14e7f415fd81cb47a622cc8ee	V1 in ( V2 cup V3 ) cup V4 eqvdash V1 in V2 cup ( V3 cup V4 )
1	thm:auto:3.13.3.25	theorem	3.13.3.25	am7d36a69330203cfb012fa40ecddfbb0b	( V1 cup V2 ) cup V3 = V1 cup ( V2 cup V3 )	Assoziativität der Vereinigung
1	thm:auto:3.13.3.26	theorem	3.13.3.26	amf62dc9eca4627cca74d30a033954484c	V1 cup ( V2 cup V3 ) = ( V1 cup V2 ) cup V3	Assoziativität der Vereinigung
1	thm:auto:3.13.3.27	theorem	3.13.3.27	am8cefcaf36973b14750e9b4d9b4156b9f	V1 in V2 cup ( V3 cap V4 ) eqvdash V1 in V2 lor ( V1 in V3 land V1 in V4 )
1	thm:auto:3.13.3.28	theorem	3.13.3.28	amb565262d81ad46b368ecff0533aab437	V1 in ( V2 cap V3 ) cup V4 eqvdash ( V1 in V2 land V1 in V3 ) lor V1 in V4
1	thm:auto:3.13.3.29	theorem	3.13.3.29	am10396f27d6b2f11321d4f1991ad2a33e	V1 in V2 cap ( V3 cup V4 ) eqvdash V1 in V2 land ( V1 in V3 lor V1 in V4 )
1	thm:auto:3.13.3.30	theorem	3.13.3.30	ameaee43f7a9e8329af2392975dbde49d2	V1 in ( V2 cup V3 ) cap V4 eqvdash ( V1 in V2 lor V1 in V3 ) land V1 in V4
1	thm:auto:3.13.3.31	theorem	3.13.3.31	am78258ad26d2d80f3b8460a663424d734	V1 in ( V2 cup V3 ) cap ( V4 cup V5 ) eqvdash ( V1 in V2 lor V1 in V3 ) land ( V1 in V4 lor V1 in V5 )
1	thm:auto:3.13.3.32	theorem	3.13.3.32	amea7e559ee68ac345d6d36db85440ad97	V1 in ( V2 cap V3 ) cup ( V4 cap V5 ) eqvdash ( V1 in V2 land V1 in V3 ) lor ( V1 in V4 land V1 in V5 )
1	thm:auto:3.13.3.33	theorem	3.13.3.33	amf4df2231e4c6f39dd60d875c72c8630b	V1 in V2 cap ( V3 cup V4 ) eqvdash V1 in ( V2 cap V3 ) cup ( V2 cap V4 )
1	thm:auto:3.13.3.34	theorem	3.13.3.34	am0680dbb3709e01ac94597ef8f870d1d4	V1 in ( V2 cup V3 ) cap V4 eqvdash V1 in ( V2 cap V4 ) cup ( V3 cap V4 )
1	thm:auto:3.13.3.35	theorem	3.13.3.35	amed04ab699a202cdcf5ade1d91d2ce0a4	V1 in ( V2 cap V3 ) cup V4 eqvdash V1 in ( V2 cup V4 ) cap ( V3 cup V4 )
1	thm:auto:3.13.3.36	theorem	3.13.3.36	am57ecc9d83730a29071c2ae43f292988b	V1 in V2 cup ( V3 cap V4 ) eqvdash V1 in ( V2 cup V3 ) cap ( V2 cup V4 )
1	thm:auto:3.13.3.37	theorem	3.13.3.37	am46bb4a56bed1e9f49f144af0a9b7d0ca	V1 cup ( V2 cap V3 ) = ( V1 cup V2 ) cap ( V1 cup V3 )
1	thm:auto:3.13.3.38	theorem	3.13.3.38	amc264ae4bfc4fff98b0140ca49b2ae9d7	( V1 cap V2 ) cup V3 = ( V1 cup V3 ) cap ( V2 cup V3 )
1	thm:auto:3.13.3.39	theorem	3.13.3.39	ama08d4f65cd5626a31bfad5ec8662ed79	V1 cap ( V2 cup V3 ) = ( V1 cap V2 ) cup ( V1 cap V3 )
1	thm:auto:3.13.3.40	theorem	3.13.3.40	ama14efa2bdd747d420d536e0675a7e4ed	( V1 cup V2 ) cap V3 = ( V1 cap V3 ) cup ( V2 cap V3 )
1	thm:auto:3.13.3.41	theorem	3.13.3.41	amcfdbf8fd721d1a936249bdd41c53bf62	V1 subseteq V1 cup V2
1	thm:auto:3.13.3.42	theorem	3.13.3.42	am09f3c8debfd057da4efa851ac7d65706	V1 subseteq V2 cup V1
1	thm:auto:3.13.3.43	theorem	3.13.3.43	amddf249ca7ae7b778ed8366f6dfbf1aa8	V1 subseteq V2 , V3 subseteq V2 vdash V1 cup V3 subseteq V2
1	thm:auto:3.13.3.44	theorem	3.13.3.44	amc5eb50da481d1b385a190b41b53ff519	V1 = V2 vdash V1 cup V3 = V2 cup V3
1	thm:auto:3.13.3.45	theorem	3.13.3.45	ame66809d0d06dffa694846fac927c6e8f	V1 = V2 vdash V3 cup V1 = V3 cup V2
1	thm:auto:3.13.3.46	theorem	3.13.3.46	am397cb65889081ca5cc7dbf7d4c387353	V1 subseteq V2 vdash V1 cup V3 subseteq V2 cup V3
1	thm:auto:3.13.3.47	theorem	3.13.3.47	am57dc3d4e804f42a06260e10cb450d305	V1 subseteq V2 vdash V3 cup V1 subseteq V3 cup V2
1	thm:auto:3.13.3.48	theorem	3.13.3.48	amd77df66396f4ed8556234cefb4168760	V1 subseteq V2 , V3 subseteq V4 vdash V1 cup V3 subseteq V2 cup V4
1	thm:auto:3.13.3.49	theorem	3.13.3.49	am8e28632f93625ead17990a649afe738b	V1 subseteq V2 , V3 subseteq V4 vdash V1 cap V3 subseteq V2 cap V4
1	thm:auto:3.13.3.50	theorem	3.13.3.50	am92f97b88f9a0daedc7c86431e81f2368	V1 in V2 , V3 in V4 vdash { V1 , V3 } subseteq V2 cup V4
1	thm:auto:3.13.3.51	theorem	3.13.3.51	am674875b4dc21bd213fc383f42b1715f7	V1 in V2 , V3 in V2 vdash { V1 , V3 } subseteq V2
1	def:auto:3.14.1.1	definition	3.14.1.1	am3c401881f60c0ba46a298fa9c55fbc45	CoverFam ( V1 , V2 ) coloneqq V2 subseteq bigcup V1	Überdeckung einer Menge
1	def:auto:3.14.1.2	definition	3.14.1.2	amd70b654294b03ef39cfd9f823fe31966	PartFam ( V1 , V2 ) coloneqq DisjFam ( V1 ) land V2 = bigcup V1	Partition einer Menge
1	ax:auto:3.14.2.1	axiom	3.14.2.1	am124b66d648cb2c257c9ebdb79e1d95f6	V1 in V2 vdash V1 neq varnothing	Nichtleere Mengen
1	ax:auto:3.14.2.2	axiom	3.14.2.2	am7092cc40c186485a00ea4796bf98fd46	V1 in V2 , V3 in V2 , V1 neq V3 vdash V1 cap V3 = varnothing	Paarweise disjunkt
1	def:auto:3.14.2.1	definition	3.14.2.1	amf8ad5998c358aeabcceb9b2bbc16bf60	ensuremath { mathsf { DisjFam } } ( V1 )	Begriff der paarweise disjunkten nichtleeren Familie
1	def:auto:3.14.2.1	definition	3.14.2.1	am352e174f7db4622602a2247fd6f6a5de	Disjunkte Familie	Begriff der paarweise disjunkten nichtleeren Familie
ID	Disjunkte Familie	definition	def:auto:3.14.2.1
1	thm:auto:3.14.2.1	theorem	3.14.2.1	am91f31bdbf3a21227534dfcb68a7ee5e8	V1 in V2 , V3 in V2 , V1 neq V3 , V4 in V1 vdash V4 notin V3	Elemente verschiedener Mengen sind verschieden
1	thm:auto:3.14.2.2	theorem	3.14.2.2	am26de83e64b10f22c881c4666ff383c11	V1 in V2 , V3 in V2 , V4 in V1 , V4 in V3 vdash V1 = V3	Gemeinsames Element impliziert Gleichheit
1	ax:auto:3.14.3.1	axiom	3.14.3.1	amef1e973506b404c1f8db7f8c3ac0c368	V1 in V2 , V3 in V2 vdash V1 cup V3 in V2	Vereinigungsschließung
1	def:auto:3.14.3.1	definition	3.14.3.1	ambdb4509090482e05ae4c289dc37a5d09	@ ifnextchar ( { UnionClosedFam @args } { UnionClosedFam @name } ( V1 )	Begriff der vereinigungsabgeschlossenen Familie
1	def:auto:3.14.3.1	definition	3.14.3.1	am275d459bd0bf3ff2c28deca4443fe902	Vereinigungsabgeschlossene Familie	Begriff der vereinigungsabgeschlossenen Familie
ID	Vereinigungsabgeschlossene Familie	definition	def:auto:3.14.3.1
1	ax:auto:3.15.1.1	axiom	3.15.1.1	am73db88b291b125e6dd24d73d177d14d4	V1 neq varnothing vdash exists V2 in V1 ( V2 cap V1 = varnothing )	Regularität (Fundamentalsatz)
1	thm:auto:3.15.2.1	theorem	3.15.2.1	am4ee37c6bca90d882ab3fb3845966901e	V1 in V2 vdash V2 not in V1
1	thm:auto:3.15.2.2	theorem	3.15.2.2	am1f03c68e0dff9872ee1282c0c3d86d2b	V1 not in V1
1	thm:auto:3.15.2.3	theorem	3.15.2.3	ambde8da02d3ad9cc4987510d6e30f0fc4	V1 cup { V1 } = V2 cup { V2 } eqvdash V1 = V2
1	ax:auto:3.16.1.1	axiom	3.16.1.1	am92713cfcbd26ae3572eb127e4357b9c9	exists V1 forall V2 ( V2 in V1 leftrightarrow V2 subseteq V3 )	Potenzmenge
1	def:auto:3.16.2.1	definition	3.16.2.1	am995c725d09fdd1e3b6487ccea5064ade	powerset ( V1 ) coloneq iota V2 ( forall V3 ( V3 in V2 leftrightarrow V3 subseteq V1 ) )	Potenzmenge
1	thm:auto:3.16.2.1	theorem	3.16.2.1	am859b1a77e1bcca10251363f592869d38	V1 in powerset ( V2 ) eqvdash V1 subseteq V2	Potenzmenge
1	thm:auto:3.16.3.1	theorem	3.16.3.1	am999047e480c34be0a3d0baa01e4ceaac	powerset ( varnothing ) = { varnothing }
1	thm:pp:3.16.3.1:1	theorem	3.16.3.1(i)	am8ede73efa0e1878e4c20c3eae01b50a3	V1 in powerset ( varnothing ) vdash V1 in { varnothing }	Teilmengenrichtung \\(\\powerset (\\varnothing )\\subseteq \\{\\varnothing \\}\\)
1	thm:pp:3.16.3.1:2	theorem	3.16.3.1(ii)	am98d235eae2ee59c234963195cbc4d6ba	V1 in { varnothing } vdash V1 in powerset ( varnothing )	Teilmengenrichtung \\(\\{\\varnothing \\}\\subseteq \\powerset (\\varnothing )\\)
1	thm:auto:3.16.3.2	theorem	3.16.3.2	am12abbe7e26cb378032de6e9fe21202b0	{ varnothing } = powerset ( varnothing )
1	thm:auto:3.16.3.3	theorem	3.16.3.3	am8237cd104a0e976bbdde93a8cbb6698e	V1 subseteq V2 vdash powerset ( V1 ) subseteq powerset ( V2 )
1	thm:auto:3.16.3.4	theorem	3.16.3.4	amcf217ed5d1f46ee218e40decaca1bf23	V1 in V2 vdash { V1 } in powerset ( V2 )
1	thm:auto:3.16.3.5	theorem	3.16.3.5	amc6a77973876b8d2647f21680787b19e3	V1 subseteq V2 , V3 in powerset ( V1 ) vdash V3 in powerset ( V2 )
1	thm:auto:3.16.3.6	theorem	3.16.3.6	amea8cdf64ff199f2a660832d0e5be815d	V1 in powerset ( V2 ) vdash forall V3 ( V1 in powerset ( V2 cup V3 ) )
1	thm:auto:3.16.4.1	theorem	3.16.4.1	am6b021e6f19ab3e5f8b1fe43ad5695cf1	V1 in V2 , V3 in V4 vdash ( V1 , V3 ) in powerset ( powerset ( V2 cup V4 ) )
1	thm:auto:3.16.4.2	theorem	3.16.4.2	am7dd01233cf5e3b4b05e16c45bde484cb	exists V1 in V2 exists V3 in V4 ( V5 = ( V1 , V3 ) ) vdash V5 in powerset ( powerset ( V2 cup V4 ) )
1	thm:auto:3.16.4.3	theorem	3.16.4.3	am7384fc3a386883505eef8ac9b4ef03a6	exists ! V1 forall V2 ( V2 in V1 leftrightarrow exists V3 in V4 exists V5 in V6 ( V2 = ( V3 , V5 ) ) )	Eindeutige Existenz des kartesischen Produkts
1	def:auto:3.16.4.1	definition	3.16.4.1	am0034f4132632e0b1c8704b966b81d198	V1 times V2 coloneq iota V3 forall V4 ( V4 in V3 leftrightarrow exists V5 in V1 exists V6 in V2 ( V4 = ( V5 , V6 ) ) )	Kartesisches Produkt ($A \\times B$)
1	thm:auto:3.16.4.4	theorem	3.16.4.4	am842ad02f66d95c86ad45016082862f48	V1 in V2 times V3 eqvdash exists V4 in V2 exists V5 in V3 V1 = ( V4 , V5 )
1	thm:auto:3.16.4.5	theorem	3.16.4.5	am798676d9da7215074e038358c27541b6	( V1 , V2 ) in V3 times V4 eqvdash V1 in V3 land V2 in V4	Kartesisches Produkt ($A \\times B$)
1	thm:auto:3.16.4.6	theorem	3.16.4.6	am4cc0f9355f1da909287467502f7c5748	( V1 , V2 ) in V3 times V4 eqvdash ( V2 , V1 ) in V4 times V3
1	thm:auto:3.16.4.7	theorem	3.16.4.7	am9f34fbf70c25004ccb8e2244c4576d8e	( V1 , V2 ) in V3 times V4 vdash V1 in V3
1	thm:auto:3.16.4.8	theorem	3.16.4.8	am47546015ffbd471275f4e6f7e6f697b6	( V1 , V2 ) in V3 times V4 vdash V2 in V4
1	thm:auto:3.16.4.9	theorem	3.16.4.9	am26d5de88988beaa8f611a63cd0813bb2	V1 in V2 , V3 in V4 vdash ( V1 , V3 ) in V2 times V4
1	thm:auto:3.16.4.10	theorem	3.16.4.10	amc152127d2bb96407e278bdce3630c958	( ( V1 , V2 ) , V3 ) in ( V4 times V5 ) times V6 eqvdash V1 in V4 land V2 in V5 land V3 in V6
1	thm:auto:3.16.4.11	theorem	3.16.4.11	am9dc044f02c17abf465736ca04362b32e	( V1 , ( V2 , V3 ) ) in V4 times ( V5 times V6 ) eqvdash V1 in V4 land V2 in V5 land V3 in V6
1	thm:auto:3.16.4.12	theorem	3.16.4.12	am3ae65b40d058019f66ac3ed6287ea3af	V1 in V2 , V3 in V4 , V5 in V6 vdash ( V1 , ( V3 , V5 ) ) in V2 times ( V4 times V6 )
1	thm:auto:3.16.4.13	theorem	3.16.4.13	am6cc08cb4fe9b037e103a36dd0c61f1fb	V1 in V2 , V3 in V4 , V5 in V6 vdash ( ( V1 , V3 ) , V5 ) in ( V2 times V4 ) times V6
1	thm:auto:3.16.4.14	theorem	3.16.4.14	am5ea38196ca4e87e3ab3e61bd16260d4a	V1 times varnothing = varnothing
1	thm:auto:3.16.4.15	theorem	3.16.4.15	am206b2304833bb0b61ab3cb59bfc7a6ea	varnothing times V1 = varnothing
