1	def:auto:3.17.1	definition	3.17.1	am1d31e47a06af3fc250bf87f57b97d279	V1 subseteq V2 times V3	Relation (Menge geordneter Paare)
1	ax:auto:3.17.1.1	axiom	3.17.1.1	am208877cb59f9eb374d1ea644fa302510	V1 in V2 vdash exists V3 ( V1 , V3 ) in V4	Totalität
1	def:auto:3.17.1.1	definition	3.17.1.1	am1a915ca66504576aa2174af76f9c886c	ensuremath { mathsf { TR } ( V1 , V2 , V3 ) }	Begriff der totalen Relation
1	def:auto:3.17.1.1	definition	3.17.1.1	am4dbe8b5a6fd09739398292a67e3dc465	Totale Relation	Begriff der totalen Relation
ID	Totale Relation	definition	def:auto:3.17.1.1
1	def:auto:3.17.1.2	definition	3.17.1.2	amf5ef2abf3781d737bcebc839038b674a	MemRel ( V1 ) coloneqq { ( V2 , V3 ) in V1 times bigcup V1 mid V3 in V2 }	Mitgliedschaftsrelation
1	thm:auto:3.17.1.1	theorem	3.17.1.1	amd6d10d0b099ab3be33b4dbdab69a759d	MemRel ( V1 ) subseteq V1 times bigcup V1	Relation
1	thm:auto:3.17.1.2	theorem	3.17.1.2	am0c5b965aff21daa0320e2b59203c8b32	( V1 , V2 ) in MemRel ( V3 ) vdash V1 in V3 land V2 in bigcup V3 land V2 in V1
1	thm:auto:3.17.1.3	theorem	3.17.1.3	am78ef67c66d9a2afbd4e0db7920b582d9	( V1 , V2 ) in MemRel ( V3 ) vdash V1 in V3
1	thm:auto:3.17.1.4	theorem	3.17.1.4	am371c9972da32ce49b1cd800cbea1a6be	V1 in V2 , V3 in V1 vdash ( V1 , V3 ) in MemRel ( V2 )
1	thm:auto:3.17.1.5	theorem	3.17.1.5	ama7e245031fb436e797c6f4e6e03a7d82	V1 in V2 vdash exists V3 ( ( V1 , V3 ) in MemRel ( V2 ) )	Totalität von $\\MemRel (M)$
1	thm:auto:3.17.1.6	theorem	3.17.1.6	amebe01c4920800a4bf6d02db897a152db	TotRel { MemRel ( V1 ) , V1 , bigcup V1 }	Totale Relation
1	def:auto:3.17.1.3	definition	3.17.1.3	am441599d40b24d9a9af0c6cecfa93fb48	V1 subseteq powerset ( V2 ) vdash StrictSupRel { V1 } coloneqq { ( V3 , V4 ) in V1 times V1 mid V3 subset V4 }	Strikte Obermengenrelation auf einer Potenzmengenfamilie
1	thm:auto:3.17.1.7	theorem	3.17.1.7	amb7d6fce7b18a3c06835e79744c6e0ab1	V1 subseteq powerset ( V2 ) , V3 in V1 , V4 in V1 , V3 subset V4 vdash ( V3 , V4 ) in StrictSupRel { V1 }	Einfuehrung in die strikte Obermengenrelation
1	thm:auto:3.17.1.8	theorem	3.17.1.8	am9229f02ee40b77b9d28ad90194f9e329	V1 subseteq powerset ( V2 ) , ( V3 , V4 ) in StrictSupRel { V1 } vdash V3 in V1 land V4 in V1 land V3 subset V4	Elimination der strikten Obermengenrelation
1	thm:auto:3.17.1.9	theorem	3.17.1.9	amdb78c332731b34b018440a1ff26898e4	V1 subseteq powerset ( V2 ) vdash StrictSupRel { V1 } subseteq V1 times V1	Typisierung der strikten Obermengenrelation
1	thm:auto:3.17.1.10	theorem	3.17.1.10	am5850234cc12cc31b2f79a3aa9d15192d	V1 subseteq powerset ( V2 ) , forall V3 in V1 exists V4 in V1 ( V3 subset V4 ) vdash TotRel { StrictSupRel { V1 } , V1 , V1 }	Totalitaet der strikten Obermengenrelation
1	ax:auto:3.17.2.1	axiom	3.17.2.1	am99ad834f63fce0bfd22e4e6b4fdc5f8d	V1 in V2 vdash ( V1 , V1 ) in V3	Reflexivität
1	ax:auto:3.17.2.2	axiom	3.17.2.2	am1e4da1339bfcab74e808bf3e72334223	( V1 , V2 ) in V3 vdash ( V2 , V1 ) in V3	Symmetrie
1	ax:auto:3.17.2.3	axiom	3.17.2.3	amc7467193f4600b61ef7cf74be9a52117	( V1 , V2 ) in V3 , ( V2 , V4 ) in V3 vdash ( V1 , V4 ) in V3	Transitivität
1	def:auto:3.17.2.1	definition	3.17.2.1	am9bc2d970cbf47ce6791b24aaf9eb3af5	ensuremath { mathsf { EqRel } ( V1 , V2 ) }	Begriff der Äquivalenzrelation
1	def:auto:3.17.2.1	definition	3.17.2.1	ame7e09216b4418ff42158c3d9867c60c4	Äquivalenzrelation	Begriff der Äquivalenzrelation
ID	Äquivalenzrelation	definition	def:auto:3.17.2.1
1	ax:auto:3.17.3.1	axiom	3.17.3.1	am12218d8c2be49ac1651257c686cab146	( V1 , V2 ) in V3 , ( V2 , V1 ) in V3 vdash V1 = V2	Antisymmetrie
1	def:auto:3.17.3.1	definition	3.17.3.1	amc6866e067f4865baa3875bfa8db2beb7	ensuremath { mathsf { PartOrd } ( V1 , V2 ) }	Begriff der partiellen Ordnung
1	def:auto:3.17.3.1	definition	3.17.3.1	ame1cdc5f5c476cf41a1cc54b0b36f393f	Partielle Ordnung	Begriff der partiellen Ordnung
ID	Partielle Ordnung	definition	def:auto:3.17.3.1
1	ax:auto:3.17.3.2	axiom	3.17.3.2	am98614b7edfa35b94658f41206e838f1d	V1 in V2 , V3 in V2 vdash ( V1 , V3 ) in V4 lor ( V3 , V1 ) in V4	Vergleichbarkeit
1	def:auto:3.17.3.2	definition	3.17.3.2	amc75cf346d6d044ca0c40bf82ff6b8dc6	ensuremath { mathsf { TotOrd } ( V1 , V2 ) }	Begriff der totalen Ordnung
1	def:auto:3.17.3.2	definition	3.17.3.2	am3465a64a83aa09d72e2c6ed359c98f06	Totale Ordnung	Begriff der totalen Ordnung
ID	Totale Ordnung	definition	def:auto:3.17.3.2
1	thm:auto:3.17.3.1	theorem	3.17.3.1	am731f2d24bb2c1d6cc2fafda0c486e21c	exists V1 in V2 forall V3 in V2 ( ( V1 , V3 ) in V4 ) vdash exists ! V1 in V2 forall V5 in V2 ( ( V1 , V5 ) in V4 )	Eindeutigkeit eines Minimums
1	def:auto:3.17.3.3	definition	3.17.3.3	am677ff0722aa5dcba251ac54c0074b854	begin { aligned } & exists V1 in V2 forall V3 in V2 ( ( V1 , V3 ) in V4 ) \\ & vdash Min { V4 , V5 } ( V2 ) coloneqq iota V1 in V2 forall V6 in V2 ( ( V1 , V6 ) in V4 ) end { aligned }	Minimum
1	thm:auto:3.17.3.2	theorem	3.17.3.2	amdc887a3ca4706bd2c71f51657555d352	exists V1 in V2 forall V3 in V2 ( ( V3 , V1 ) in V4 ) vdash exists ! V1 in V2 forall V5 in V2 ( ( V5 , V1 ) in V4 )	Eindeutigkeit eines Maximums
1	def:auto:3.17.3.4	definition	3.17.3.4	am55ddb61e5a3e33c2ffab4bb24f201a34	begin { aligned } & exists V1 in V2 forall V3 in V2 ( ( V3 , V1 ) in V4 ) \\ & vdash Max { V4 , V5 } ( V2 ) coloneqq iota V1 in V2 forall V6 in V2 ( ( V6 , V1 ) in V4 ) end { aligned }	Maximum
1	def:auto:3.17.3.5	definition	3.17.3.5	ame60420bdb8109c7f0cf0f3e439050369	V1 subseteq V2 vdash LB _ { V3 , V2 } ( V1 ) coloneqq { V4 in V2 mid forall V5 in V1 ( ( V4 , V5 ) in V3 ) }	Untere Schrankenmenge
1	def:auto:3.17.3.6	definition	3.17.3.6	amdbfe50b8cfe47c311247642c55affc9e	V1 subseteq V2 vdash UB _ { V3 , V2 } ( V1 ) coloneqq { V4 in V2 mid forall V5 in V1 ( ( V5 , V4 ) in V3 ) }	Obere Schrankenmenge
1	def:auto:3.17.3.7	definition	3.17.3.7	ame5c9a8aaeed0410009148c8ee9d985cf	begin { aligned } &T subseteq V1 , exists V2 in LB _ { V3 , V1 } ( V4 ) forall V5 in LB _ { V3 , V1 } ( V4 ) ( ( V5 , V2 ) in V3 ) \\ & vdash inf _ { V3 , V1 } ( V4 ) coloneqq Max { V3 , V1 } ( LB _ { V3 , V1 } ( V4 ) ) end { aligned }	Infimum
1	def:auto:3.17.3.8	definition	3.17.3.8	ama8ea80c12e8e95d901e5bac5848cdacf	begin { aligned } &T subseteq V1 , exists V2 in UB _ { V3 , V1 } ( V4 ) forall V5 in UB _ { V3 , V1 } ( V4 ) ( ( V2 , V5 ) in V3 ) \\ & vdash sup _ { V3 , V1 } ( V4 ) coloneqq Min { V3 , V1 } ( UB _ { V3 , V1 } ( V4 ) ) end { aligned }	Supremum
1	thm:auto:3.17.3.3	theorem	3.17.3.3	amd40ec1fed840a97bcf8e4961f3581d14	V1 cap ( V2 times V2 ) subseteq V2 times V2	Relation auf $T$
1	thm:auto:3.17.3.4	theorem	3.17.3.4	am1e27eedf3a531ce931201895650284de	V1 subseteq V2 , V3 in V1 vdash ( V3 , V3 ) in V4 cap ( V1 times V1 )	Reflexivität der Restriktion
1	thm:auto:3.17.3.5	theorem	3.17.3.5	am45e8985685690fbbb2ede32515f94236	( V1 , V2 ) in V3 cap ( V4 times V4 ) , ( V2 , V5 ) in V3 cap ( V4 times V4 ) vdash ( V1 , V5 ) in V3 cap ( V4 times V4 )	Transitivität der Restriktion
1	thm:auto:3.17.3.6	theorem	3.17.3.6	amd95c35532947c6da5534e8ca8ca50d7e	( V1 , V2 ) in V3 cap ( V4 times V4 ) , ( V2 , V1 ) in V3 cap ( V4 times V4 ) vdash V1 = V2	Antisymmetrie der Restriktion
1	thm:auto:3.17.3.7	theorem	3.17.3.7	amc6fa41f9002c570667f2fb9e276ce683	V1 subseteq V2 , PartOrd { V3 , V2 } vdash PartOrd { V3 cap ( V1 times V1 ) , V1 }	Restriktion einer partiellen Ordnung
1	ax:auto:3.17.3.3	axiom	3.17.3.3	amac93fb8a5d74ea3d545c4bf4c4081c24	V1 subseteq V2 , V1 neq varnothing vdash exists V3 in V1 forall V4 in V1 ( ( V3 , V4 ) in V5 )	Wohlordnungsprinzip
1	def:auto:3.17.3.9	definition	3.17.3.9	amfab0249139d63ff40807f434d22870a8	WellOrd { V1 , V2 }	Begriff der Wohlordnung
1	def:auto:3.17.3.9	definition	3.17.3.9	amb6dc37cb22ead80a0377fb0dfb1c8569	Wohlordnung	Begriff der Wohlordnung
ID	Wohlordnung	definition	def:auto:3.17.3.9
1	def:auto:3.17.3.10	definition	3.17.3.10	amc347f18ce6dc6edb14e59ce306b22bcf	WellOrdable { V1 } coloneqq exists V2 WellOrd { V2 , V1 }	Begriff der Wohlordenbarkeit
1	def:auto:3.17.3.10	definition	3.17.3.10	ama0c582153234cb8e571be7fe69c84d21	WellOrdable	Begriff der Wohlordenbarkeit
ID	WellOrdable	definition	def:auto:3.17.3.10
1	def:auto:3.17.3.11	definition	3.17.3.11	am4f83ab7f32e989d682350ceab05b5687	WOP coloneqq forall V1 WellOrdable { V1 }	Wohlordnungssatz
1	def:auto:3.17.3.11	definition	3.17.3.11	am98a9b32405cf5596249a31ed3a01c771	WOP	Wohlordnungssatz
ID	WOP	definition	def:auto:3.17.3.11
1	ax:auto:3.17.4.1	axiom	3.17.4.1	am7a65d234b94a992313110d7006fb38dd	( V1 , V2 ) in V3 , ( V1 , V4 ) in V3 vdash V2 = V4	Funktionale Eindeutigkeit
1	def:auto:3.17.4.1	definition	3.17.4.1	amae1317d97d2b601f45956384e777a20e	V1 colon V2 to V3	Begriff der Funktion
1	def:auto:3.17.4.1	definition	3.17.4.1	amb104f847b1bee9d57ad166898a66c08d	Funktion	Begriff der Funktion
ID	Funktion	definition	def:auto:3.17.4.1
1	thm:auto:3.17.5.1	theorem	3.17.5.1	am46b17105d583a999f847685bff96fbc6	V1 colon V2 to V3 vdash TotRel { V1 , V2 , V3 }
1	thm:auto:3.17.5.2	theorem	3.17.5.2	amfaf55835ccc6e04ae02acd52dcf05160	( V1 , V2 ) in V3 vdash ( V1 , V2 ) in V4 times V5
1	thm:auto:3.17.5.3	theorem	3.17.5.3	am73e01fccd01efb33591d3a6d6f44befa	( V1 , V2 ) in V3 vdash V1 in V4
1	thm:auto:3.17.5.4	theorem	3.17.5.4	am0a5765ff164f10532a4d42aa9c5634e3	( V1 , V2 ) in V3 vdash V2 in V4
1	thm:auto:3.17.6.1	theorem	3.17.6.1	ama3ef678d7c4a3b3481ec2a9ca5b7a83a	V1 in V2 vdash exists ! V3 ( V1 , V3 ) in V4	Eindeutigkeit des Funktionswertes
1	def:auto:3.17.6.1	definition	3.17.6.1	amd95bdf7c0a4945a5f28f512fbddd9d72	V1 in V2 vdash ( V3 ( V1 ) coloneqq iota V4 ( ( V1 , V4 ) in V3 )	Funktionswert
1	thm:auto:3.17.6.2	theorem	3.17.6.2	am0da963b2895ba21e15677581f799f586	V1 in V2 vdash ( V1 , V3 ( V1 ) ) in V3
1	thm:auto:3.17.6.3	theorem	3.17.6.3	amd1685423b81b21182e0cebbf2c94bd8d	V1 = V2 , V3 = V4 ( V2 ) vdash V3 = V4 ( V1 )	Ersetzung im Funktionsargument
1	thm:auto:3.17.6.4	theorem	3.17.6.4	amc9553ecd7928f33f2eadb4d30b11256a	V1 in V2 , V3 in V2 , V1 = V3 vdash V4 ( V1 ) = V4 ( V3 )
1	thm:auto:3.17.6.5	theorem	3.17.6.5	am540c31242e660556b8bbc08c3a13b041	x_1 in V1 , x_2 in V1 , V2 ( x_1 ) neq V2 ( x_2 ) vdash x_1 neq x_2
1	thm:auto:3.17.6.6	theorem	3.17.6.6	am609139e1a89f3a8171e8da1a9cb5e24f	V1 in V2 , V3 ( V1 ) = V4 vdash ( V1 , V4 ) in V3
1	thm:auto:3.17.6.7	theorem	3.17.6.7	am51a9cdea501aeefbb8e3b078944acfa4	V1 in V2 , V3 = V4 ( V1 ) vdash ( V1 , V3 ) in V4
1	thm:auto:3.17.6.8	theorem	3.17.6.8	amfeddb23573c15c251447704791810cc9	V1 in V2 , ( V1 , V3 ) in V4 vdash V3 = V4 ( V1 )
1	thm:auto:3.17.6.9	theorem	3.17.6.9	amec312dbac9371d7fdfd2c11eb9dbf578	V1 in V2 , ( V1 , V3 ) in V4 vdash V4 ( V1 ) = V3
1	thm:auto:3.17.6.10	theorem	3.17.6.10	am363ae42a2e11adcc90d49fd05a6e93fd	V1 colon V2 to V3 , V4 in V2 vdash V1 ( V4 ) in V3
1	thm:auto:3.17.6.11	theorem	3.17.6.11	am2e2ce7e50ad1de6d52b6c575fd7f1a86	( V1 , V2 ) in V3 vdash V2 = V3 ( V1 )
1	thm:auto:3.17.6.12	theorem	3.17.6.12	am635b605cb049c46b885c1a8b9e4136a4	V1 colon V2 to V3 , ( V4 , V5 ) in V1 vdash V1 ( V4 ) = V5
1	thm:auto:3.17.6.13	theorem	3.17.6.13	amaa6cdf96c8ade320c2ac871431bfef6d	( V1 , V2 ) in V3 vdash V3 ( V1 ) = V2
1	thm:auto:3.17.6.14	theorem	3.17.6.14	am1d3e7608989c55f91add7c0c667821e3	V1 ( V2 ) = V3 ( V2 ) , ( V2 , V4 ) in V1 vdash ( V2 , V4 ) in V3
1	thm:auto:3.17.6.15	theorem	3.17.6.15	amb6e819b207270662ac446f2eccb6d651	{ V1 in V2 mid V3 ( V1 ) in { V4 } } = { V1 in V2 mid V3 ( V1 ) = V4 }
1	thm:auto:3.17.6.16	theorem	3.17.6.16	amecde6566ba73a873e323caa9e71e3794	forall V1 in V2 ( V3 ( V1 ) = V4 ( V1 ) ) vdash forall ( V1 , V5 ) ( ( V1 , V5 ) in V3 to ( V1 , V5 ) in V4 )
1	thm:auto:3.17.6.17	theorem	3.17.6.17	amfa0690194eaa5ff2027345bfde2c7cd0	forall V1 in V2 ( V3 ( V1 ) = V4 ( V1 ) ) vdash forall ( V1 , V5 ) ( ( V1 , V5 ) in V4 to ( V1 , V5 ) in V3 )
1	thm:auto:3.17.6.18	theorem	3.17.6.18	amb902cafbddf97ee6a19663d4ede41156	forall V1 in V2 ( V3 ( V1 ) = V4 ( V1 ) ) eqvdash forall ( V1 , V5 ) ( ( V1 , V5 ) in V3 leftrightarrow ( V1 , V5 ) in V4 )
1	thm:auto:3.17.6.19	theorem	3.17.6.19	am9f350808acfb6c4d6b59a29d271d2e88	forall V1 in V2 ( V3 ( V1 ) = V4 ( V1 ) ) eqvdash V3 = V4
1	thm:auto:3.17.6.20	theorem	3.17.6.20	amf9f31f79965f7d0007cb92aa1c419b85	V1 in V2 , V3 = V4 vdash V3 ( V1 ) = V4 ( V1 )
1	ax:auto:3.17.7.1	axiom	3.17.7.1	am1b059dbc300313a54233e04f4b0e52e1	exists V1 forall V2 ( V2 in V1 leftrightarrow exists V3 in V4 V2 = V5 ( V3 ) )	Ersetzung
1	def:auto:3.17.8.1	definition	3.17.8.1	am1ef8c5774b4d4eddb94475a9257f5156	V1 subseteq V2 , V3 colon V2 to V4 vdash F[C] coloneqq iota V5 ( forall V6 ( V6 in V5 leftrightarrow exists V7 in V1 V6 = V3 ( V7 ) ) )	Bildmenge einer Teilmenge
1	thm:auto:3.17.8.1	theorem	3.17.8.1	amf10386e7a84afce25c62af5e7b2cc0f3	V1 subseteq V2 , V3 colon V2 to V4 vdash V5 in F[C] leftrightarrow exists V6 in V1 V5 = V3 ( V6 )	Charakterisierung der Bildmenge einer Teilmenge
1	thm:auto:3.17.8.2	theorem	3.17.8.2	am2d89537134ef670a1a969e6cba01af87	V1 subseteq V2 , V3 colon V2 to V4 , V5 in F[C] vdash exists V6 in V1 V5 = V3 ( V6 )	Aus einem Bildelement einer Teilmenge folgt ein Urbild in der Teilmenge
1	thm:auto:3.17.8.3	theorem	3.17.8.3	am05fdd4e618001b45409cd40356086705	V1 subseteq V2 , V3 colon V2 to V4 , exists V5 in V1 V6 = V3 ( V5 ) vdash V6 in F[C]	Ein Urbild in einer Teilmenge liefert ein Bildelement der Teilmenge
1	thm:auto:3.17.8.4	theorem	3.17.8.4	am973084f0406a54191f1ba04e20cd1f1e	V1 subseteq V2 , V3 colon V2 to V4 , V5 in V1 vdash V3 ( V5 ) in F[C]	Elemente einer Teilmenge liegen im Bild der Teilmenge
1	thm:auto:3.17.8.5	theorem	3.17.8.5	amb14f9ae560931dafdf5792f3acd2da3b	V1 colon V2 to V3 vdash V4 in F[A] leftrightarrow exists V5 in V2 V4 = V1 ( V5 )
1	thm:auto:3.17.8.6	theorem	3.17.8.6	amc7f4491a03ef9844313197dcf2d7f798	V1 colon V2 to V3 , V4 in F[A] vdash exists V5 in V2 V4 = V1 ( V5 )	Aus einem Bildelement folgt ein Urbild
1	thm:auto:3.17.8.7	theorem	3.17.8.7	ame09b1e0289b1687d42474eeaf5167469	V1 colon V2 to V3 , exists V4 in V2 V5 = V1 ( V4 ) vdash V5 in F[A]	Ein Urbild liefert ein Bildelement
1	thm:auto:3.17.8.8	theorem	3.17.8.8	am8be4091f5e43e8a058f065ffe45d313e	V1 in V2 , V3 colon V2 to V4 vdash F[ { V1 } ] = { V3 ( V1 ) }	Bild einer Einermenge
1	thm:pp:3.17.8.8:1	theorem	3.17.8.8(i)	amc26898cd23f6d50a5b4bb5f0621e42f1	V1 in V2 , V3 colon V2 to V4 vdash F[ { V1 } ] subseteq { V3 ( V1 ) }	Teilmengenrichtung \\(F[\\{x\\}]\\subseteq \\{F(x)\\}\\)
1	thm:pp:3.17.8.8:2	theorem	3.17.8.8(ii)	ama354b24eef5424ca912a67ef9555e7af	V1 in V2 , V3 colon V2 to V4 vdash { V3 ( V1 ) } subseteq F[ { V1 } ]	Teilmengenrichtung \\(\\{F(x)\\}\\subseteq F[\\{x\\}]\\)
1	thm:auto:3.17.8.9	theorem	3.17.8.9	amc49d1b119f89692bcd9b738cba9ab758	V1 colon V2 to V3 , V4 subseteq V5 , V5 subseteq V2 vdash F[A] subseteq F[B]	Monotonie der Bildmenge
1	thm:auto:3.17.8.10	theorem	3.17.8.10	ambeffeea3dd731046b105b414e147ec64	V1 colon V2 to V3 , V4 subseteq V2 , V5 subseteq V2 , V6 in V4 cup V5 vdash V1 ( V6 ) in F[A] cup F[B]	Bild eines Elements aus einer Vereinigung
1	thm:auto:3.17.8.11	theorem	3.17.8.11	am2bd30699dbccd694d7413634e94e8c74	V1 colon V2 to V3 , V4 subseteq V2 , V5 subseteq V2 vdash F[A cup B] = F[A] cup F[B]	Bild einer Vereinigung
1	thm:pp:3.17.8.11:1	theorem	3.17.8.11(i)	am1cde629aaed79aca4b3ef67319f23088	V1 colon V2 to V3 , V4 subseteq V2 , V5 subseteq V2 vdash F[A cup B] subseteq F[A] cup F[B]	Teilmengenrichtung \\(F[A\\cup B]\\subseteq F[A]\\cup F[B]\\)
1	thm:pp:3.17.8.11:2	theorem	3.17.8.11(ii)	am765195282f37bff5d72159a8b8528e37	V1 colon V2 to V3 , V4 subseteq V2 , V5 subseteq V2 vdash F[A] cup F[B] subseteq F[A cup B]	Teilmengenrichtung \\(F[A]\\cup F[B]\\subseteq F[A\\cup B]\\)
1	thm:auto:3.17.8.12	theorem	3.17.8.12	am1f84b8c2d403965f4becabc2d0ec3020	V1 colon V2 to V3 , V4 subseteq V2 , V5 subseteq V2 vdash F[A cap B] subseteq F[A] cap F[B]	Bild eines Durchschnitts liegt im Durchschnitt der Bilder
1	thm:auto:3.17.8.13	theorem	3.17.8.13	am6dd07cf0a37c4e8d356dacc3dd3b45fa	V1 colon V2 to V3 vdash F[ varnothing ] = varnothing	Das Bild der leeren Menge ist leer
1	thm:pp:3.17.8.13:1	theorem	3.17.8.13(i)	amea22e7e04a6604211791b520d90892c4	V1 colon V2 to V3 vdash F[ varnothing ] subseteq varnothing	Teilmengenrichtung \\(F[\\varnothing ]\\subseteq \\varnothing \\)
1	thm:pp:3.17.8.13:2	theorem	3.17.8.13(ii)	am4074f7af5f495dc09dfbc4bb1fec688e	V1 colon V2 to V3 vdash varnothing subseteq F[ varnothing ]	Teilmengenrichtung \\(\\varnothing \\subseteq F[\\varnothing ]\\)
1	thm:auto:3.17.8.14	theorem	3.17.8.14	am945b322c2573d712d8d16b99bc6b4146	V1 subseteq V2 times F[A]
1	thm:auto:3.17.8.15	theorem	3.17.8.15	am212585c8ece5d5e7ebfb6ea9804e169f	V1 subseteq V2 , V3 colon V2 to V4 vdash F[C] subseteq V4	Das Bild einer Teilmenge liegt im Zielbereich
1	thm:auto:3.17.8.16	theorem	3.17.8.16	am8c0cc22d574752d4c862c07316a79f61	V1 colon V2 to V3 vdash F[A] subseteq V3	Bilder liegen im Zielbereich
1	thm:auto:3.17.8.17	theorem	3.17.8.17	amd1d9f62c0882062ff747f84a1b737736	V1 colon V2 bij V3 vdash F[A] = V3	Bild einer bijektiven Funktion ist die Zielmenge
1	thm:pp:3.17.8.17:1	theorem	3.17.8.17(i)	am58e2aff9fac47ead159395855e96345b	V1 colon V2 bij V3 vdash F[A] subseteq V3	Teilmengenrichtung \\(F[A]\\subseteq B\\)
1	thm:pp:3.17.8.17:2	theorem	3.17.8.17(ii)	am8f69e7d7bd2df5c6b8db6283c2a12313	V1 colon V2 bij V3 vdash V3 subseteq F[A]	Teilmengenrichtung \\(B\\subseteq F[A]\\)
1	def:auto:3.17.9.1	definition	3.17.9.1	ame6dd3490149d5d6f49d8e4c6a3f42a62	V1 subseteq V2 vdash F^ { -1 } [C] coloneqq { V3 in V4 mid V5 ( V3 ) in V1 }	Urbildmenge
1	thm:auto:3.17.9.1	theorem	3.17.9.1	am52e1421645b74707fc81dac588fc04e3	V1 subseteq V2 vdash ( V3 in F^ { -1 } [C] leftrightarrow ( V3 in V4 land V5 ( V3 ) in V1 ) )
1	thm:auto:3.17.9.2	theorem	3.17.9.2	ama5e43a4e58321106850bd389175130ee	V1 colon V2 to V3 vdash F^ { -1 } [ varnothing ] = varnothing	Das Urbild der leeren Menge ist leer
1	thm:auto:3.17.9.3	theorem	3.17.9.3	am7337482e6b7c875c47987951533560fd	V1 in V2 vdash F^ { -1 } [ { V1 } ] = { V3 in V4 mid V5 ( V3 ) = V1 }	Urbild einer Einermenge
1	thm:pp:3.17.9.3:1	theorem	3.17.9.3(i)	ame4be7c5d1312898bc678b275fe317ba1	V1 in V2 vdash F^ { -1 } [ { V1 } ] subseteq { V3 in V4 mid V5 ( V3 ) = V1 }	Teilmengenrichtung \\(F^{-1}[\\{y\\}]\\subseteq \\{\\,x\\in A \\mid F(x)=y\\,\\}\\)
1	thm:pp:3.17.9.3:2	theorem	3.17.9.3(ii)	amfac02297e3422337a13fcd7ac72b3cfb	V1 in V2 vdash { V3 in V4 mid V5 ( V3 ) = V1 } subseteq F^ { -1 } [ { V1 } ]	Teilmengenrichtung \\(\\{\\,x\\in A \\mid F(x)=y\\,\\}\\subseteq F^{-1}[\\{y\\}]\\)
1	thm:auto:3.17.9.4	theorem	3.17.9.4	am1bb4b15dc3e342c5f4df76d30f0ef70e	V1 colon V2 to V3 , V4 subseteq V3 vdash F^ { -1 } [C] subseteq V2	Urbilder liegen im Definitionsbereich
1	thm:auto:3.17.9.5	theorem	3.17.9.5	am824699ef3d79db8c684ee05a01cfbb17	V1 colon V2 to V3 , V4 subseteq V5 , V5 subseteq V3 vdash F^ { -1 } [C] subseteq F^ { -1 } [D]	Monotonie des Urbilds
1	thm:auto:3.17.9.6	theorem	3.17.9.6	am25f39c781eb6b847e84e7df8ae8aff3e	V1 colon V2 to V3 , V4 subseteq V3 , V5 subseteq V3 , V6 in F^ { -1 } [C cup D] vdash V6 in F^ { -1 } [C] cup F^ { -1 } [D]	Element eines Urbilds einer Vereinigung
1	thm:auto:3.17.9.7	theorem	3.17.9.7	am119f9655665233699463b179e107c0db	V1 colon V2 to V3 , V4 subseteq V3 , V5 subseteq V3 vdash F^ { -1 } [C cup D] = F^ { -1 } [C] cup F^ { -1 } [D]	Urbild einer Vereinigung
1	thm:pp:3.17.9.7:1	theorem	3.17.9.7(i)	am4de1303af380ebe18de73f0d0b37e627	V1 colon V2 to V3 , V4 subseteq V3 , V5 subseteq V3 vdash F^ { -1 } [C cup D] subseteq F^ { -1 } [C] cup F^ { -1 } [D]	Teilmengenrichtung \\(F^{-1}[C\\cup D]\\subseteq F^{-1}[C]\\cup F^{-1}[D]\\)
1	thm:pp:3.17.9.7:2	theorem	3.17.9.7(ii)	am51a9e15001ed5eda3e1c6c7c6f816fd5	V1 colon V2 to V3 , V4 subseteq V3 , V5 subseteq V3 vdash F^ { -1 } [C] cup F^ { -1 } [D] subseteq F^ { -1 } [C cup D]	Teilmengenrichtung \\(F^{-1}[C]\\cup F^{-1}[D]\\subseteq F^{-1}[C\\cup D]\\)
1	thm:auto:3.17.9.8	theorem	3.17.9.8	am1e69e9a3eeb71fb58fc9e84ab8f3d674	V1 colon V2 to V3 , V4 subseteq V3 , V5 subseteq V3 vdash F^ { -1 } [C cap D] subseteq F^ { -1 } [C] cap F^ { -1 } [D]	Urbild eines Durchschnitts liegt im Durchschnitt der Urbilder
1	thm:auto:3.17.9.9	theorem	3.17.9.9	am8e47e822769b3ae7338bb4221a3a9779	V1 colon V2 to V3 , V4 subseteq V3 , V5 subseteq V3 , V6 in F^ { -1 } [C] , V6 in F^ { -1 } [D] vdash V6 in F^ { -1 } [C cap D]	Gemeinsame Urbildwerte liegen im Urbild des Durchschnitts
1	thm:auto:3.17.9.10	theorem	3.17.9.10	amdaf91ae34366d4496ea825fcaa66a0e4	V1 colon V2 to V3 , V4 subseteq V3 , V5 subseteq V3 vdash F^ { -1 } [C cap D] = F^ { -1 } [C] cap F^ { -1 } [D]	Urbild eines Durchschnitts
1	thm:pp:3.17.9.10:1	theorem	3.17.9.10(i)	ama81578bee62ac54d7e208a8bc3bfdbfe	V1 colon V2 to V3 , V4 subseteq V3 , V5 subseteq V3 vdash F^ { -1 } [C] cap F^ { -1 } [D] subseteq F^ { -1 } [C cap D]	Teilmengenrichtung \\(F^{-1}[C]\\cap F^{-1}[D]\\subseteq F^{-1}[C\\cap D]\\)
1	def:auto:3.17.10.1	definition	3.17.10.1	am965ebb30b29d49134f8bc23e78e46fdc	Graph ( V1 ) coloneq { ( V2 , V3 ) in V4 times V5 mid V3 = V1 ( V2 ) }	Graph einer Funktion
1	thm:auto:3.17.10.1	theorem	3.17.10.1	am9a3bc18ca4bbeebc59d96c936a118855	Graph ( V1 ) subseteq V2 times V3
1	thm:auto:3.17.10.2	theorem	3.17.10.2	amcff9fac29f68eef3352a3020187f3cbd	( V1 , V2 ) in Graph ( V3 ) vdash V2 = V3 ( V1 )
1	thm:auto:3.17.10.3	theorem	3.17.10.3	amb815da39ef239204578844905d43b567	( V1 , V2 ) in Graph ( V3 ) , ( V1 , V4 ) in Graph ( V3 ) vdash V2 = V4	Funktionale Eindeutigkeit von \\(\\Graph (F)\\)
1	thm:auto:3.17.10.4	theorem	3.17.10.4	am2ccdad0eb9ad7eeb834c32fc62c5d08c	forall V1 in V2 V3 ( V1 ) in V4 , V5 in V2 vdash exists V6 ( V5 , V6 ) in Graph ( V3 )
1	thm:auto:3.17.10.5	theorem	3.17.10.5	amed07b5997652bec7c57ee22efe899981	forall V1 in V2 V3 ( V1 ) in V4 vdash Graph ( V3 ) colon V2 to V4	Graph eines Funktionensymbols ist eine Funktion
1	thm:auto:3.17.10.6	theorem	3.17.10.6	amfcd0f00cabd3bee2a0cc780db58ee574	forall V1 in V2 V3 ( V1 ) in V4 vdash exists V5 colon V2 to V4
1	thm:auto:3.17.10.7	theorem	3.17.10.7	am373367228264a20b9603bd5fd6844a2c	forall V1 in V2 V3 ( V1 ) in V4 vdash forall V5 in V2 Graph ( V3 ) ( V5 ) = V3 ( V5 )	Funktionswerte von \\(\\Graph (F)\\)
1	thm:auto:3.17.10.8	theorem	3.17.10.8	amd162417c61773b3ebfb6649de040f4fd	forall V1 in V2 V3 ( V1 ) in V4 vdash exists V5 colon V2 to V4 forall V6 in V2 V5 ( V6 ) = V3 ( V6 )
1	thm:auto:3.17.10.9	theorem	3.17.10.9	amcc18289fc5327158df0a2ab6d078051a	V1 colon V2 to V3 vdash Graph ( V1 ) = V1	Graph einer Funktion ist die Funktion
1	thm:auto:3.17.10.10	theorem	3.17.10.10	ameec2c0f13d1d4a56aa895266f4d3613e	V1 in V2 vdash V3 ( V1 ) coloneq V4 , V1 in V2 vdash V3 ( V1 ) in V5 exists ! V6 colon V2 to V5 forall V7 in V2 V6 ( V7 ) = V3 ( V7 )	Funktion
1	def:auto:3.17.11.1	definition	3.17.11.1	am7bf58957b098bed66c172fd7cc6135e0	V1 colon V2 rightarrowtail V3	Begriff der injektiven Funktion
1	def:auto:3.17.11.1	definition	3.17.11.1	am31cc62daed56bcc55bb5c390a04fd1c3	Injektive Funktion	Begriff der injektiven Funktion
ID	Injektive Funktion	definition	def:auto:3.17.11.1
1	ax:auto:3.17.11.1	axiom	3.17.11.1	am050f76150526b8ee0fc62f65959e3e96	V1 colon V2 inj V3 , V4 in V2 , V5 in V2 , V1 ( V4 ) = V1 ( V5 ) vdash V4 = V5	Injektivität
1	ax:auto:3.17.11.1	axiom	3.17.11.1	am3cf783dd251f52a70a05d39f34fc99b0	Injektivität	Injektivität
ID	Injektivität	axiom	ax:auto:3.17.11.1
1	thm:auto:3.17.11.1	theorem	3.17.11.1	am9eda8121345b69961301d1af5ea732e0	V1 colon V2 inj V3 , V4 in V2 vdash V1 ( V4 ) in V3
1	thm:auto:3.17.11.2	theorem	3.17.11.2	am97c4603ec8741c15b97e2422b96aeed0	V1 subseteq V2 , V3 colon V2 inj V4 , V5 in V1 vdash V3 ( V5 ) in F[C]	Elemente einer Teilmenge liegen im Bild der Teilmenge unter injektiven Funktionen
1	thm:auto:3.17.11.3	theorem	3.17.11.3	am30499b978d5e25998a6df9455cf8f075	V1 colon V2 inj V3 , ( V4 , z_1 ) in V1 , ( V5 , z_2 ) in V1 , V1 ( V4 ) = V1 ( V5 ) vdash V4 = V5
1	thm:auto:3.17.11.4	theorem	3.17.11.4	am7d2b80c07a484965ef2e3ec4a9988a19	V1 colon V2 inj V3 , V4 in V2 , V5 in V2 , V6 = V1 ( V4 ) , V6 = V1 ( V5 ) vdash V4 = V5
1	thm:auto:3.17.11.5	theorem	3.17.11.5	amf67a15e778d818649109463a6531bc45	V1 colon V2 inj V3 , V4 in powerset ( V2 ) , V5 in V2 , V1 ( V5 ) in F[Y] vdash V5 in V4
1	thm:auto:3.17.11.6	theorem	3.17.11.6	am3e1c939d267a9cf2a52a46afe4116ecc	V1 colon V2 inj V3 , V4 in powerset ( V2 ) , V5 in powerset ( V2 ) , F[X] = F[Y] vdash V4 = V5	Injektive Funktionen sind auf Potenzmengen injektiv
1	thm:pp:3.17.11.6:1	theorem	3.17.11.6(i)	am14a7b9af7e2c4adcb58bdd514f876b41	V1 colon V2 inj V3 , V4 in powerset ( V2 ) , V5 in powerset ( V2 ) , F[X] = F[Y] vdash V4 subseteq V5	Teilmengenrichtung \\(X\\subseteq Y\\)
1	thm:pp:3.17.11.6:2	theorem	3.17.11.6(ii)	ame21db816d4d62d560edd3d91ea865010	V1 colon V2 inj V3 , V4 in powerset ( V2 ) , V5 in powerset ( V2 ) , F[X] = F[Y] vdash V5 subseteq V4	Teilmengenrichtung \\(Y\\subseteq X\\)
1	thm:auto:3.17.11.7	theorem	3.17.11.7	am8ec431b5005ea1b964ae3ac0f8906f95	V1 colon V2 inj V3 , V4 subseteq V2 , V5 subseteq V2 , V6 in V4 , V7 in V5 , V8 = V1 ( V6 ) , V8 = V1 ( V7 ) vdash V6 in V4 cap V5	Zeugen gemeinsamer Bildwerte liegen im Durchschnitt
1	thm:auto:3.17.11.8	theorem	3.17.11.8	am3d8eb95266e8ce9f545406aba213f9da	V1 colon V2 inj V3 , V4 subseteq V2 , V5 subseteq V2 , V6 in F[A] , V6 in F[B] vdash V6 in F[A cap B]	Gemeinsame Bildwerte liegen im Bild des Durchschnitts
1	thm:auto:3.17.11.9	theorem	3.17.11.9	am9e605c584745d0626cb4d4571edd04a5	V1 colon V2 inj V3 , V4 subseteq V2 , V5 subseteq V2 vdash F[A cap B] = F[A] cap F[B]	Bild eines Durchschnitts bei injektiven Funktionen
1	thm:pp:3.17.11.9:1	theorem	3.17.11.9(i)	am7b4d83e0130d03d502f31fec828a3ffc	V1 colon V2 inj V3 , V4 subseteq V2 , V5 subseteq V2 vdash F[A cap B] subseteq F[A] cap F[B]	Teilmengenrichtung \\(F[A\\cap B]\\subseteq F[A]\\cap F[B]\\)
1	thm:pp:3.17.11.9:2	theorem	3.17.11.9(ii)	amf4a74e3ce90b22302d59a8892ccf4e35	V1 colon V2 inj V3 , V4 subseteq V2 , V5 subseteq V2 vdash F[A] cap F[B] subseteq F[A cap B]	Teilmengenrichtung \\(F[A]\\cap F[B]\\subseteq F[A\\cap B]\\)
1	thm:auto:3.17.11.10	theorem	3.17.11.10	am7dd927ca71b8ed8794bf70942e25421a	V1 subseteq V2 , V3 colon V4 inj V2 vdash F^ { -1 } [C] subseteq V4	Urbilder liegen im Definitionsbereich injektiver Funktionen
1	def:auto:3.17.11.2	definition	3.17.11.2	am560f562a7f81ac3496954b2ac28e50e9	V1 colon V2 twoheadrightarrow V3	Begriff der surjektiven Funktion
1	def:auto:3.17.11.2	definition	3.17.11.2	am94ecd40c93632c5802ffbdccd832e8ae	Surjektive Funktion	Begriff der surjektiven Funktion
ID	Surjektive Funktion	definition	def:auto:3.17.11.2
1	ax:auto:3.17.11.2	axiom	3.17.11.2	am3eb9b7246460e7d3a2a4de0ec848dd1a	V1 in V2 vdash exists V3 in V4 V5 ( V3 ) = V1	Surjektivität
1	ax:auto:3.17.11.2	axiom	3.17.11.2	am9e7144974a6713ca6aab4758805d0d8a	Surjektivität	Surjektivität
ID	Surjektivität	axiom	ax:auto:3.17.11.2
1	thm:auto:3.17.11.11	theorem	3.17.11.11	amb370f1d944f9f69aea5cc836371d169e	V1 colon V2 sur V3 , V4 in V2 vdash V1 ( V4 ) in V3
1	thm:auto:3.17.11.12	theorem	3.17.11.12	am626304cbafa6d9860569e308a88b219c	V1 subseteq V2 , V3 colon V2 sur V4 , V5 in V1 vdash V3 ( V5 ) in F[C]	Elemente einer Teilmenge liegen im Bild der Teilmenge unter surjektiven Funktionen
1	thm:auto:3.17.11.13	theorem	3.17.11.13	am04e718c776b463c40915b117e1858936	V1 colon V2 to V2 , neg ( V1 colon V2 sur V2 ) vdash exists m_0 in V2 forall V3 in V2 ( V1 ( V3 ) neq m_0 )	Nichtsurjektivität liefert ausgelassenes Element
1	thm:auto:3.17.11.14	theorem	3.17.11.14	am69346d6a8de4806995325cfe23854d09	V1 colon V2 to V3 vdash V1 colon V2 twoheadrightarrow F[A]
1	thm:auto:3.17.11.15	theorem	3.17.11.15	am5f7a5e5acfc86e84899d6897ac1bab5b	V1 in V2 , V3 ( V1 ) = { V4 in V2 mid V4 notin V3 ( V4 ) } vdash V1 in V3 ( V1 ) leftrightarrow V1 notin V3 ( V1 )
1	thm:auto:3.17.11.16	theorem	3.17.11.16	amb3e01ef9d1389284f302377d12531f7c	V1 colon V2 to powerset ( V2 ) vdash neg ( V1 colon V2 sur powerset ( V2 ) )
1	def:auto:3.17.11.3	definition	3.17.11.3	amb0eca86ab5a2822d16abd3a82e99758e	V1 colon V2 inj V3 vdash Gsurjfrominj { V1 } { a_0 } coloneqq { ( V4 , V5 ) in V3 times V2 mid ( V4 in F[A] land V1 ( V5 ) = V4 ) lor ( V4 notin F[A] land V5 = a_0 ) }
ID	F\\protect \\colon  A\\rightarrowtail B \\vdash \\protect \\Gsurjfrominj  {F}{a_0} \\mathrel {\\mathop :}\\mathrel {\\mkern -1.2mu}=\\{\\protect \\, (b,a)\\in B\\times A \\mid (b\\in F[A]\\land F(a)=b)\\lor (b\\protect \\notin  F[A]\\land a=a_0)\\protect \\,\\} 	definition	def:auto:3.17.11.3
1	thm:auto:3.17.11.17	theorem	3.17.11.17	amfa091f5ee0fe42ac69ff59c0493e688e	V1 colon V2 inj V3 vdash Gsurjfrominj { V1 } { a_0 } subseteq V3 times V2
1	thm:auto:3.17.11.18	theorem	3.17.11.18	amaa8a7dd64476c90b7e10366891b85683	V1 colon V2 inj V3 , ( V4 , V5 ) in Gsurjfrominj { V1 } { a_0 } vdash V4 in V3
1	thm:auto:3.17.11.19	theorem	3.17.11.19	am128cb14f0c217bb8633e8091d2b1d1a6	V1 colon V2 inj V3 , ( V4 , V5 ) in Gsurjfrominj { V1 } { a_0 } vdash V5 in V2
1	thm:auto:3.17.11.20	theorem	3.17.11.20	am3740cfb3bcf0ceace47fd2fac011e792	V1 colon V2 inj V3 , ( V4 , V5 ) in Gsurjfrominj { V1 } { a_0 } vdash ( V4 in F[A] land V1 ( V5 ) = V4 ) lor ( V4 notin F[A] land V5 = a_0 )
1	thm:auto:3.17.11.21	theorem	3.17.11.21	am655e37d46c5c7877c780e715dd94247d	V1 colon V2 inj V3 , V4 in V3 , V5 in V2 , ( ( V4 in F[A] land V1 ( V5 ) = V4 ) lor ( V4 notin F[A] land V5 = a_0 ) ) vdash ( V4 , V5 ) in Gsurjfrominj { V1 } { a_0 }
1	thm:auto:3.17.11.22	theorem	3.17.11.22	am4f20e6fb57812af8592634856fba2780	V1 colon V2 inj V3 , V4 in F[A] , ( V4 , V5 ) in Gsurjfrominj { V1 } { a_0 } vdash V1 ( V5 ) = V4
1	thm:auto:3.17.11.23	theorem	3.17.11.23	amc63bbc9e06abb6eaa673431eb9dc850f	V1 colon V2 inj V3 , V4 notin F[A] , ( V4 , V5 ) in Gsurjfrominj { V1 } { a_0 } vdash V5 = a_0
1	thm:auto:3.17.11.24	theorem	3.17.11.24	am5d9a42d8dccd78c95ed8fa352956a2e0	V1 colon V2 inj V3 , ( V4 , V5 ) in Gsurjfrominj { V1 } { a_0 } , ( V4 , V6 ) in Gsurjfrominj { V1 } { a_0 } vdash V5 = V6
1	thm:auto:3.17.11.25	theorem	3.17.11.25	am6ab9f767a5aab9afffb531b39b4e1dff	V1 colon V2 inj V3 , a_0 in V2 , V4 in V3 vdash exists V5 in V2 ( ( V4 , V5 ) in Gsurjfrominj { V1 } { a_0 } )
1	thm:pp:3.17.11.25:1	theorem	3.17.11.25(i)	ama7fbbb323d7c94fb8ed49cf90d75c4e8	V1 colon V2 inj V3 , a_0 in V2 , V4 in V3 , V4 in F[A] vdash exists V5 in V2 ( ( V4 , V5 ) in Gsurjfrominj { V1 } { a_0 } )	Fall \\(b\\in F[A]\\)
1	thm:pp:3.17.11.25:2	theorem	3.17.11.25(ii)	am8a9bf04bcae0ff5d14021a4e841906b5	V1 colon V2 inj V3 , a_0 in V2 , V4 in V3 , V4 notin F[A] vdash exists V5 in V2 ( ( V4 , V5 ) in Gsurjfrominj { V1 } { a_0 } )	Fall \\(b\\notin F[A]\\)
1	thm:auto:3.17.11.26	theorem	3.17.11.26	am523d018cd3854fe2b6973367f7bcb2e7	V1 colon V2 inj V3 , a_0 in V2 vdash Gsurjfrominj { V1 } { a_0 } colon V3 to V2
1	thm:auto:3.17.11.27	theorem	3.17.11.27	am555960e7409cb63db8da2a5929b1f7f6	V1 colon V2 inj V3 , a_0 in V2 vdash Gsurjfrominj { V1 } { a_0 } colon V3 sur V2
1	thm:auto:3.17.11.28	theorem	3.17.11.28	am17c1bd511e99e30a8ef906890be5b344	V1 colon V2 inj V3 , V2 neq varnothing vdash exists V4 colon V3 sur V2
1	thm:auto:3.17.11.29	theorem	3.17.11.29	am377a6b49aa45927591a79ff895f22d5d	V1 colon V2 inj V3 , a_0 in V2 , V4 in V2 vdash Gsurjfrominj { V1 } { a_0 } ( V1 ( V4 ) ) = V4	Linksinverses Verhalten von \\(\\Gsurjfrominj {F}{a_0}\\) an \\(y\\)
1	thm:auto:3.17.11.30	theorem	3.17.11.30	am919696340eb4c03f4dd4cb468dd2d023	V1 colon V2 inj V3 , V2 neq varnothing vdash exists V4 colon V3 sur V2 forall V5 in V2 ( V4 ( V1 ( V5 ) ) = V5 )	Dualer Hilfssatz bei Nichtleere
1	thm:auto:3.17.11.31	theorem	3.17.11.31	am93c805c2d4b37c418c3ad32d42449159	V1 subseteq V2 , V3 colon V4 sur V2 vdash F^ { -1 } [C] subseteq V4	Urbilder liegen im Definitionsbereich surjektiver Funktionen
1	def:auto:3.17.11.4	definition	3.17.11.4	amc957d56a875b2b58d638107d95877024	V1 colon V2 bij V3	Begriff der bijektiven Funktion
1	def:auto:3.17.11.4	definition	3.17.11.4	amc0fd31a9a96c7aa252c960a9e422f86e	Bijektive Funktion	Begriff der bijektiven Funktion
ID	Bijektive Funktion	definition	def:auto:3.17.11.4
1	thm:auto:3.17.11.32	theorem	3.17.11.32	am01ac310341964fce7988355139ef621b	V1 colon V2 bij V3 , V4 in V2 vdash V1 ( V4 ) in V3
1	thm:auto:3.17.11.33	theorem	3.17.11.33	am529b0d6fe93024575e6121a35a9008fd	V1 subseteq V2 , V3 colon V2 bij V4 , V5 in V1 vdash V3 ( V5 ) in F[C]	Elemente einer Teilmenge liegen im Bild der Teilmenge unter bijektiven Funktionen
1	thm:auto:3.17.11.34	theorem	3.17.11.34	amdb2cf2f34c01ac033664295e17889620	V1 colon V2 inj V3 , V1 colon V2 sur V3 vdash V1 colon V2 bij V3
1	thm:auto:3.17.11.35	theorem	3.17.11.35	am17fe162554f29a50d85d4b9d83ce8dc7	V1 colon V2 bij V3 vdash V1 colon V2 inj V3
1	thm:auto:3.17.11.36	theorem	3.17.11.36	am2df20fb6d1671e8d9293bd7764b1ac2d	V1 colon V2 bij V3 vdash V1 colon V2 sur V3
1	thm:auto:3.17.11.37	theorem	3.17.11.37	ama4dfadccc695c5ec7cdd9dcaf224395c	V1 colon V2 inj V3 land V1 colon V2 sur V3 eqvdash V1 colon V2 bij V3
1	thm:auto:3.17.11.38	theorem	3.17.11.38	amc6de147100b98755a47ab70f1ff6fe13	V1 colon V2 bij V3 , V4 in V3 vdash exists ! V5 in V2 V1 ( V5 ) = V4	Eindeutigkeit des Urbildes bei Bijektivität
1	thm:auto:3.17.11.39	theorem	3.17.11.39	am1bf2a65f456eeba85850d050f6dd6179	V1 subseteq V2 , V3 colon V4 bij V2 vdash F^ { -1 } [C] subseteq V4	Urbilder liegen im Definitionsbereich bijektiver Funktionen
1	def:auto:3.17.12.1	definition	3.17.12.1	am7440e9fc6442a9fc2b0b98c493acfd52	V1 in V2 vdash t_ { Id _{V2} } ( V1 ) coloneqq V1	Funktionsvorschrift für die Identitätsfunktion auf \\(A\\)
1	thm:auto:3.17.12.1	theorem	3.17.12.1	amb37284b72b1dd05dc807ce1f8a2a2799	V1 in V2 vdash t_ { Id _{V2} } ( V1 ) in V2	Typisierungsaxiom
1	thm:auto:3.17.12.2	theorem	3.17.12.2	amb7f5a80773fcaa62a3f1b79fd8926e96	exists ! V1 colon V2 to V2 forall V3 in V2 V1 ( V3 ) = t_ { Id _{V2} } ( V3 )	Identität als Funktion
1	def:auto:3.17.12.2	definition	3.17.12.2	am80922a6f161c4b7d72786d991edf36e3	Id _{V1} coloneqq iota V2 ( V2 colon V1 to V1 land forall V3 in V1 V2 ( V3 ) = t_ { Id _{V1} } ( V3 ) )	Identitätsfunktion auf \\(A\\)
1	thm:auto:3.17.12.3	theorem	3.17.12.3	amd4eef15f278b2844cb77c1981ef82d54	mathrm { id } _{V1} colon V1 to V1	Identitätsfunktion
ID	IdA	theorem	thm:auto:3.17.12.3
1	thm:auto:3.17.12.4	theorem	3.17.12.4	amd29e0e1ab63501f7839b4ed150ebb6a0	TotRel { Id _{V1} , V1 , V1 }
1	thm:auto:3.17.12.5	theorem	3.17.12.5	amacc10ffdac83b062b3113291eccb1e72	V1 in V2 vdash Id _{V2} ( V1 ) = V1	Identitätsfunktion auf \\(A\\)
1	thm:auto:3.17.12.6	theorem	3.17.12.6	ama07d413be58b49f28138d2aea0d19fac	V1 in V2 vdash V1 = Id _{V2} ( V1 )
1	thm:auto:3.17.12.7	theorem	3.17.12.7	amc0d3c26ad0a4c714387776dc14bf4363	V1 in V2 , V3 in V2 , Id _{V2} ( V1 ) = Id _{V2} ( V3 ) vdash V1 = V3	Injektivität von \\(\\Id _A\\)
1	thm:auto:3.17.12.8	theorem	3.17.12.8	ame36b95babd3a27a0e6c264395b6f2037	V1 in V2 vdash exists V3 in V2 Id _{V2} ( V3 ) = V1	Surjektivität von \\(\\Id _A\\)
1	thm:auto:3.17.12.9	theorem	3.17.12.9	am2919e553a8f5115194a3b5b9033585d1	Id _{V1} colon V1 bij V1	\\(\\Id _A\\) als bijektive Funktion
1	def:auto:3.17.12.3	definition	3.17.12.3	am25dadd072c61d57e714d20466570da33	( V1 , V2 ) in V3 times V4 vdash t_ { pi _1 } ( V1 , V2 ) coloneqq V1	Funktionsvorschrift für die Projektion auf die erste Komponente
1	thm:auto:3.17.12.10	theorem	3.17.12.10	am0dc523f5f15500da5403be44af86dff4	( V1 , V2 ) in V3 times V4 vdash t_ { pi _1 } ( V1 , V2 ) in V3	Typisierungsaxiom für \\(\\pi _1\\)
1	thm:auto:3.17.12.11	theorem	3.17.12.11	am6de1bea439a638f882ed3a3c70caef5e	exists ! V1 colon V2 times V3 to V2 forall V4 in V2 forall V5 in V3 V1 ( V4 , V5 ) = t_ { pi _1 } ( V4 , V5 )	Projektion auf die erste Komponente als Funktion
1	def:auto:3.17.12.4	definition	3.17.12.4	am8010ca10c88e1d095f9985d938589503	pi _1 coloneqq iota V1 ( V1 colon V2 times V3 to V2 land forall V4 in V2 forall V5 in V3 V1 ( V4 , V5 ) = t_ { pi _1 } ( V4 , V5 ) )	Projektion auf die erste Komponente
1	thm:auto:3.17.12.12	theorem	3.17.12.12	am13cf4c653bfc51381c339500ae45a166	pi _1 colon V1 times V2 to V1	Projektion auf die erste Komponente
1	thm:auto:3.17.12.13	theorem	3.17.12.13	am09326dda1ec9b7af77e1aeb9da7aa2bf	TotRel { pi _1 , V1 times V2 , V1 }
1	thm:auto:3.17.12.14	theorem	3.17.12.14	am025c41a2939d85dd945fe346be2dfe13	( V1 , V2 ) in V3 times V4 vdash pi _1 ( V1 , V2 ) = V1	Grundgleichung der Projektion auf die erste Komponente
1	thm:auto:3.17.12.15	theorem	3.17.12.15	ame762e32b5784be970f280f3033b314e4	V1 in V2 , V3 in V4 vdash pi _1 ( V1 , V3 ) = V1
1	thm:auto:3.17.12.16	theorem	3.17.12.16	ame1000277a4d89c2eb6a46bd17a14254e	V1 in V2 , b_0 in V3 vdash exists V4 in V2 times V3 pi _1 ( V4 ) = V1	Surjektivität von \\(\\pi _1\\)
1	def:auto:3.17.12.5	definition	3.17.12.5	am6f79fd42017aeeb331555056160ef7f1	( V1 , V2 ) in V3 times V4 vdash t_ { pi _2 } ( V1 , V2 ) coloneqq V2	Funktionsvorschrift für die Projektion auf die zweite Komponente
1	thm:auto:3.17.12.17	theorem	3.17.12.17	am2b96b7b6f12b34c0bbf10d4518a77dc9	( V1 , V2 ) in V3 times V4 vdash t_ { pi _2 } ( V1 , V2 ) in V4	Typisierungsaxiom für \\(\\pi _2\\)
1	thm:auto:3.17.12.18	theorem	3.17.12.18	am750f38478ff68467f8e58d864ca003ae	exists ! V1 colon V2 times V3 to V3 forall V4 in V2 forall V5 in V3 V1 ( V4 , V5 ) = t_ { pi _2 } ( V4 , V5 )	Projektion auf die zweite Komponente als Funktion
1	def:auto:3.17.12.6	definition	3.17.12.6	am7a1751f259153a761f63ae1d962c280d	pi _2 coloneqq iota V1 ( V1 colon V2 times V3 to V3 land forall V4 in V2 forall V5 in V3 V1 ( V4 , V5 ) = t_ { pi _2 } ( V4 , V5 ) )	Projektion auf die zweite Komponente
1	thm:auto:3.17.12.19	theorem	3.17.12.19	am7448d35dcfc031340266b7081eb2813a	pi _2 colon V1 times V2 to V2	Projektion auf die zweite Komponente
1	thm:auto:3.17.12.20	theorem	3.17.12.20	am25db2302303cca9e6d205eedfcdb42d1	TotRel { pi _2 , V1 times V2 , V2 }
1	thm:auto:3.17.12.21	theorem	3.17.12.21	am2a579154d288589a07e213b11330eff8	( V1 , V2 ) in V3 times V4 vdash pi _2 ( V1 , V2 ) = V2	Grundgleichung der Projektion auf die zweite Komponente
1	thm:auto:3.17.12.22	theorem	3.17.12.22	am39e8fe71a8b1d6e4c9071e31d48b3c26	V1 in V2 , V3 in V4 pi _2 ( V1 , V3 ) = V3
1	thm:auto:3.17.12.23	theorem	3.17.12.23	am97e8b8e8f4ed63f5a990ad9db18525f1	V1 in V2 , a_0 in V3 vdash exists V4 in V3 times V2 pi _2 ( V4 ) = V1	Surjektivität von \\(\\pi _2\\)
1	thm:auto:3.17.12.24	theorem	3.17.12.24	ame401df33f98a6a900909360388ec7e59	( V1 , V2 ) in V3 times V4 vdash ( V1 , V2 ) = ( pi _1 ( V1 , V2 ) , pi _2 ( V1 , V2 ) )	Rekonstruktion aus Projektionen
1	thm:auto:3.17.12.25	theorem	3.17.12.25	am4b437ffe6bde14a1734cc8f998fc4c38	V1 in V2 times V3 vdash V1 = ( pi _1 ( V1 ) , pi _2 ( V1 ) )	Element des Produkts als Paar
1	def:auto:3.17.12.7	definition	3.17.12.7	am95272fb86ad0338c7b2309c7c952cb1c	V1 subseteq V2 , V3 in V1 vdash t_ { iota _ { V1 , V2 } } ( V3 ) coloneqq V3	Funktionsvorschrift für die Inklusionsabbildung von \\(A\\) nach \\(B\\)
1	thm:auto:3.17.12.26	theorem	3.17.12.26	am1f9e8200f5d830cd9196c7f56523753b	V1 subseteq V2 , V3 in V1 vdash t_ { iota _ { V1 , V2 } } ( V3 ) in V2	Typisierungsaxiom für \\(t_{\\iota _{A,B}}\\)
1	thm:auto:3.17.12.27	theorem	3.17.12.27	am481b74ae6ab1013d759d540fe38523a2	V1 subseteq V2 vdash exists ! V3 colon V1 to V2 forall V4 in V1 V3 ( V4 ) = t_ { iota _ { V1 , V2 } } ( V4 )	Inklusionsabbildung als Funktion
1	def:auto:3.17.12.8	definition	3.17.12.8	am14e565661b04293e3294cbf70b343192	V1 subseteq V2 vdash iota _ { V1 , V2 } coloneqq iota V3 ( V3 colon V1 to V2 land forall V4 in V1 V3 ( V4 ) = t_ { iota _ { V1 , V2 } } ( V4 ) )	Inklusionsabbildung von \\(A\\) nach \\(B\\)
1	thm:auto:3.17.12.28	theorem	3.17.12.28	am895116063e6c8d544bdadef424e27cad	V1 subseteq V2 vdash iota _ { V1 , V2 } colon V1 to V2	Inklusionsabbildung von \\(A\\) nach \\(B\\)
1	thm:auto:3.17.12.29	theorem	3.17.12.29	ama21f33e6d3d2425e7eafb7f0fba2d378	V1 subseteq V2 vdash TotRel { iota _ { V1 , V2 } , V1 , V2 }
1	thm:auto:3.17.12.30	theorem	3.17.12.30	am17a8a22bef6c7e75038c17310ed5d3f1	V1 subseteq V2 , V3 in V1 vdash iota _ { V1 , V2 } ( V3 ) = V3	Grundgleichung der Inklusionsabbildung
1	thm:auto:3.17.12.31	theorem	3.17.12.31	amabb2f20a9dc69a2f2b3ac89c59829007	V1 subseteq V2 , V3 in V1 vdash V3 = iota _ { V1 , V2 } ( V3 )
1	thm:auto:3.17.12.32	theorem	3.17.12.32	am6e5528bf37b9a46e1481ec23c036dcc5	V1 in V2 , V3 in V2 , iota _ { V2 , V4 } ( V1 ) = iota _ { V2 , V4 } ( V3 ) vdash V1 = V3	Injektivität von \\(\\iota _{A,B}\\)
1	thm:auto:3.17.12.33	theorem	3.17.12.33	am81af5ae65e89b93f2714e0f789f216a1	V1 subseteq V2 vdash iota _ { V1 , V2 } colon V1 inj V2	\\(\\iota _{A,B}\\) als injektive Funktion
1	def:auto:3.17.12.9	definition	3.17.12.9	amd9dc5aad9c4d41cbf134b28e99e0214e	V1 in V2 vdash t_ { Fib _{V3} } ( V1 ) coloneqq F^ { -1 } [ { V1 } ]	Funktionsvorschrift der Faser
1	thm:auto:3.17.12.34	theorem	3.17.12.34	am798886335d3a5f3b355b794943a71de4	V1 in V2 vdash t_ { Fib _{V3} } ( V1 ) in powerset ( V4 )	Typisierungsaxiom für $t_{\\Fib _F}$
1	thm:auto:3.17.12.35	theorem	3.17.12.35	am1d5fae80745ac5d8907f07bdbae623e0	exists ! V1 colon V2 to powerset ( V3 ) forall V4 in V2 V1 ( V4 ) = t_ { Fib _{V5} } ( V4 )	Faser als Funktion
1	def:auto:3.17.12.10	definition	3.17.12.10	ama6af1cc4acf11c24800f8e3cd12e3f2a	Fib _{V1} coloneqq iota V2 ( V2 colon V3 to powerset ( V4 ) land forall V5 in V3 V2 ( V5 ) = t_ { Fib _{V1} } ( V5 ) )	Faser zu $F$
1	thm:auto:3.17.12.36	theorem	3.17.12.36	am8c94d9fecbd2e333f73c4f42de5178dc	Fib _{V1} colon V2 to powerset ( V3 )	Faser ist eine Funktion
1	thm:auto:3.17.12.37	theorem	3.17.12.37	am2032cae5e66444a773f0f9a02f701408	V1 in V2 vdash Fib _{V3} ( V1 ) = F^ { -1 } [ { V1 } ]	Grundgleichung der Faser
1	thm:auto:3.17.12.38	theorem	3.17.12.38	am29198ceb7333149ca7b10fe35dbdc49e	V1 in V2 vdash Fib _{V3} ( V1 ) = { V4 in V5 mid V3 ( V4 ) = V1 }	Faser als Urbild eines Singletons
1	thm:auto:3.17.12.39	theorem	3.17.12.39	am34a9cf856a329f456d6d63daee6915de	V1 in V2 , V3 in Fib _{V4} ( V1 ) vdash V3 in V5 land V4 ( V3 ) = V1
1	thm:auto:3.17.12.40	theorem	3.17.12.40	am0786101e268f2041dd51bb1de2a794f8	V1 in V2 , V3 in Fib _{V4} ( V1 ) vdash V3 in V5
1	thm:auto:3.17.12.41	theorem	3.17.12.41	am29d2192bd15f75f91cd36e7049b26a0b	V1 in V2 , V3 in Fib _{V4} ( V1 ) vdash V4 ( V3 ) = V1
1	thm:auto:3.17.12.42	theorem	3.17.12.42	amb0ed9dedb9a6d2c77c4020a44b00d7b3	V1 in V2 , V3 in V4 , V5 ( V3 ) = V1 vdash V3 in Fib _{V5} ( V1 )
1	thm:auto:3.17.12.43	theorem	3.17.12.43	am5cc0b901267a9a718981f7ddd7b7edf3	V1 in V2 vdash V3 in Fib _{V4} ( V1 ) leftrightarrow V3 in V5 land V4 ( V3 ) = V1
1	thm:auto:3.17.12.44	theorem	3.17.12.44	am82a1081bd2b574a79d1a1f18456b6db9	V1 in V2 , V3 in V2 , V1 neq V3 vdash Fib _{V4} ( V1 ) cap Fib _{V4} ( V3 ) = varnothing	Verschiedene Fasern sind disjunkt
1	thm:auto:3.17.12.45	theorem	3.17.12.45	am6922b9359b37abb24e1af26d3b242eec	V1 in V2 , V3 in V2 , V4 = Fib _{V5} ( V1 ) , V6 = Fib _{V5} ( V3 ) , V4 neq V6 vdash V4 cap V6 = varnothing
1	thm:auto:3.17.12.46	theorem	3.17.12.46	ama12895a37da60f89434e5b4e85d2febe	V1 in Fib _{V2}[B] , V3 in Fib _{V2}[B] , V1 neq V3 vdash V1 cap V3 = varnothing
1	thm:auto:3.17.12.47	theorem	3.17.12.47	am170d311f7008556895d1bbb35061ef03	V1 colon V2 sur V3 , V4 in V3 vdash Fib _{V1} ( V4 ) neq varnothing
1	thm:auto:3.17.12.48	theorem	3.17.12.48	am9e54d391dc867e15c4f10bcd317cf0bb	V1 in Fib _{V2}[B] vdash V1 neq varnothing
1	thm:auto:3.17.12.49	theorem	3.17.12.49	am9a5fa4024b3397e7dca516c261f72c4d	DisjFam ( Fib _{V1}[B] )
1	def:auto:3.17.12.11	definition	3.17.12.11	am4d062eb3cf6dd3c9957d8adde7774944	V1 subseteq V2 , V3 in V1 vdash t_ { V4 restriction _{V1} } ( V3 ) coloneqq V4 ( V3 )	Funktionsvorschrift für die Einschränkung von \\(F\\) auf \\(C\\)
1	thm:auto:3.17.12.50	theorem	3.17.12.50	am486898a99814786ad0d6cfddd155903c	V1 subseteq V2 , V3 in V1 vdash t_ { V4 restriction _{V1} } ( V3 ) in V5	Typisierungsaxiom für \\(t_{F\\restriction _C}\\)
1	thm:auto:3.17.12.51	theorem	3.17.12.51	am1d7610dd4a61987c7f1ae611b56a7934	V1 subseteq V2 vdash exists ! V3 colon V1 to V4 forall V5 in V1 V3 ( V5 ) = t_ { V6 restriction _{V1} } ( V5 )	Einschränkung als Funktion
1	def:auto:3.17.12.12	definition	3.17.12.12	am999609e8dd36744e68901993f733dc21	V1 subseteq V2 vdash V3 restriction _{V1} coloneqq iota V4 ( V4 colon V1 to V5 land forall V6 in V1 V4 ( V6 ) = t_ { V3 restriction _{V1} } ( V6 ) )	Einschränkung von \\(F\\) auf \\(C\\)
1	thm:auto:3.17.12.52	theorem	3.17.12.52	ame1f6b5d83e36c36a704917d71fe26fb8	V1 subseteq V2 vdash V3 restriction _{V1} colon V1 to V4	Einschränkung von \\(F\\) auf \\(C\\)
1	thm:auto:3.17.12.53	theorem	3.17.12.53	am499cabce8cdb98435b2e8710104b4e60	V1 subseteq V2 vdash TotRel { V3 restriction _{V1} , V1 , V4 }
1	thm:auto:3.17.12.54	theorem	3.17.12.54	am8fdde5f49b10384fc81a873eb9611538	V1 subseteq V2 , V3 in V1 vdash V4 restriction _{V1} ( V3 ) = V4 ( V3 )	Grundgleichung der Einschränkung
1	thm:auto:3.17.12.55	theorem	3.17.12.55	am216d68fcc2cdc7616268a895710db583	V1 subseteq V2 , V3 colon V2 to V4 vdash ( V3 restriction _{V1} ) [C] = F[C]	Bild der Einschränkung
1	thm:pp:3.17.12.55:1	theorem	3.17.12.55(i)	am48cf62f47c1def9c4650283d70207ddd	V1 subseteq V2 , V3 colon V2 to V4 vdash ( V3 restriction _{V1} ) [C] subseteq F[C]	Teilmengenrichtung \\((F\\restriction _C)[C]\\subseteq F[C]\\)
1	thm:pp:3.17.12.55:2	theorem	3.17.12.55(ii)	am8d31cd6e4e33edae4bd8a91f4a105daa	V1 subseteq V2 , V3 colon V2 to V4 vdash F[C] subseteq ( V3 restriction _{V1} ) [C]	Teilmengenrichtung \\(F[C]\\subseteq (F\\restriction _C)[C]\\)
1	thm:auto:3.17.12.56	theorem	3.17.12.56	am5a544f2d44e9f92f0e83c7a5d67aa2f5	V1 subseteq V2 , V3 in V1 , V4 in V1 , V5 ( V3 ) = V5 ( V4 ) vdash V5 restriction _{V1} ( V3 ) = V5 restriction _{V1} ( V4 )
1	thm:auto:3.17.12.57	theorem	3.17.12.57	amfca5e9756e412c82b05b57a666949a52	V1 subseteq V2 , V3 in V1 , V4 in V1 , V5 restriction _{V1} ( V3 ) = V5 restriction _{V1} ( V4 ) vdash V5 ( V3 ) = V5 ( V4 )
1	thm:auto:3.17.12.58	theorem	3.17.12.58	am2bafa1e32d3b7b5734d7b21267b3100b	V1 colon V2 inj V3 , V4 subseteq V2 , V5 in V4 , V6 in V4 , V1 restriction _{V4} ( V5 ) = V1 restriction _{V4} ( V6 ) vdash V5 = V6	Injektivität der Einschränkung
1	thm:auto:3.17.12.59	theorem	3.17.12.59	am35aec027debfea82981ee8f142ad73b8	V1 colon V2 inj V3 , V4 subseteq V2 vdash V1 restriction _{V4} colon V4 inj V3	Einschränkung einer injektiven Funktion
1	thm:auto:3.17.12.60	theorem	3.17.12.60	am5db9a23e7a5b5109ebf6f9e4355f9acd	V1 subseteq V2 , V3 in F[C] vdash exists V4 in V1 V5 restriction _{V1} ( V4 ) = V3	Surjektivität der Einschränkung auf das Bild
1	thm:auto:3.17.12.61	theorem	3.17.12.61	am31d2ee4f5252040993da81d9077a0033	V1 subseteq V2 vdash V3 restriction _{V1} colon V1 twoheadrightarrow F[C]	Einschränkung als surjektive Funktion auf das Bild
1	thm:auto:3.17.12.62	theorem	3.17.12.62	am07b3103d6848cba7ce6d33f2d6247b82	V1 colon V2 to V3 , forall V4 in V2 V1 ( V4 ) in V5 vdash V1 colon V2 to V5	Verkleinerung der Zielmenge
1	thm:auto:3.17.12.63	theorem	3.17.12.63	amd2f3fd171a85e05403506a91f2c71471	V1 colon V2 to V3 , V3 subseteq V4 vdash V1 colon V2 to V4	Erweiterung der Zielmenge
1	thm:auto:3.17.12.64	theorem	3.17.12.64	am0b5096d3dd40fea3e4a0c75fb1b224f6	V1 colon V2 inj V3 , forall V4 in V2 V1 ( V4 ) in V5 vdash V1 colon V2 inj V5	Verkleinerung der Zielmenge erhält Injektivität
1	thm:auto:3.17.12.65	theorem	3.17.12.65	ama9fb1a4ff87219f4632db9c722f8ccf6	V1 colon V2 to V3 , V4 subseteq V3 vdash V1 restriction _ { F^ { -1 } [T] } colon F^ { -1 } [T] to V4	Einschränkung auf ein Urbild als Funktion
1	thm:auto:3.17.12.66	theorem	3.17.12.66	am0375be99907a6fbcd4add89b0b0f7bb4	V1 colon V2 inj V3 , V4 subseteq V3 vdash V1 restriction _ { F^ { -1 } [T] } colon F^ { -1 } [T] inj V4	Einschränkung auf ein Urbild als injektive Funktion
1	thm:auto:3.17.12.67	theorem	3.17.12.67	ama9f1eb9c466818b2773a4ebf0fa95ab0	V1 colon V2 sur V3 , V4 subseteq V3 , V5 in V4 vdash exists V6 in F^ { -1 } [T] V1 restriction _ { F^ { -1 } [T] } ( V6 ) = V5	Zeugen im Urbild einer Teilmenge
1	thm:auto:3.17.12.68	theorem	3.17.12.68	am66e58493474b519c2ca403f66f564b4a	V1 colon V2 sur V3 , V4 subseteq V3 vdash V1 restriction _ { F^ { -1 } [T] } colon F^ { -1 } [T] sur V4	Einschränkung auf ein Urbild als surjektive Funktion
1	thm:auto:3.17.12.69	theorem	3.17.12.69	am7e1c6c279233f08625e4d60e3feea7d8	V1 colon V2 bij V3 , V4 subseteq V3 vdash V1 restriction _ { F^ { -1 } [T] } colon F^ { -1 } [T] bij V4	Einschränkung auf ein Urbild als bijektive Funktion
1	thm:auto:3.17.12.70	theorem	3.17.12.70	am3f36d12bd906bce4318b3b614513ad08	V1 in V2 vdash exists V3 in V4 ( pi _1 restriction _{V4} ( V3 ) = V1 )	Surjektivität
1	thm:auto:3.17.12.71	theorem	3.17.12.71	ameb01e168cc1b87470117c911f124f5a0	pi _1 restriction _{V1} colon V1 sur V2	Surjektive Funktion
1	thm:auto:3.17.12.72	theorem	3.17.12.72	amf0b6382c3e9c7dc70bf3650f9ad66c1b	V1 colon V2 to V3 vdash V1 colon V2 sur F[A]	Korestriktion auf das Bild ist surjektiv
1	thm:auto:3.17.12.73	theorem	3.17.12.73	am273e9e86fdc23dbf7857166dca3fda1d	V1 colon V2 inj V3 vdash V1 colon V2 bij F[A]	Korestriktion auf das Bild einer injektiven Funktion ist bijektiv
1	def:auto:3.17.12.13	definition	3.17.12.13	am627586edd9c9991cb875b7b5836c730a	V1 in V2 vdash t_ { F^ { -1 } } ( V1 ) coloneqq iota V3 ( V3 in V4 land V5 ( V3 ) = V1 )	Funktionsvorschrift für die Umkehrfunktion von \\(F\\)
1	thm:auto:3.17.12.74	theorem	3.17.12.74	am4fe09e617f93601a95710184a89b11a7	V1 in V2 vdash t_ { F^ { -1 } } ( V1 ) in V3	Typisierungsaxiom für \\(t_{F^{-1}}\\)
1	thm:auto:3.17.12.75	theorem	3.17.12.75	amc7cf8b4916fdbcc433a9effe812a3964	V1 in V2 vdash V3 ( t_ { F^ { -1 } } ( V1 ) ) = V1
1	thm:auto:3.17.12.76	theorem	3.17.12.76	ama13db33e188f97376be2a5f5a43f9ea9	exists ! V1 colon V2 to V3 forall V4 in V2 V1 ( V4 ) = t_ { F^ { -1 } } ( V4 )	Umkehrfunktion als Funktion
1	def:auto:3.17.12.14	definition	3.17.12.14	am9a47a0cc2f1e70c804c5c3a6a3f7fd5c	F^ { -1 } coloneqq iota V1 ( V1 colon V2 to V3 land forall V4 in V2 V1 ( V4 ) = t_ { F^ { -1 } } ( V4 ) )	Umkehrfunktion von \\(F\\)
1	thm:auto:3.17.12.77	theorem	3.17.12.77	am3e6f0e832c46721e146498bb7645db62	V1 colon V2 bij V3 vdash F^ { -1 } colon V3 to V2	Umkehrfunktion von \\(F\\)
1	thm:auto:3.17.12.78	theorem	3.17.12.78	ama55d3d8a956b1fa94199b60e50f44c58	TotRel { F^ { -1 } , V1 , V2 }
1	thm:auto:3.17.12.79	theorem	3.17.12.79	am8ebb3dbc090fd24f26d49ef64156a3c4	V1 in V2 vdash F^ { -1 } ( V1 ) = t_ { F^ { -1 } } ( V1 )	Umkehrfunktion von \\(F\\)
1	thm:auto:3.17.12.80	theorem	3.17.12.80	ambdb65085de107f9dd563f4bcd1f9df59	V1 in V2 vdash F^ { -1 } ( V1 ) in V3	Typisierungsaxiom für \\(t_{F^{-1}}\\)
1	thm:auto:3.17.12.81	theorem	3.17.12.81	am2efd2ee0005ab09b6b7ae0b5093ef894	V1 in V2 vdash F^ { -1 } ( V3 ( V1 ) ) = V1	Links-Umkehrung
1	thm:auto:3.17.12.82	theorem	3.17.12.82	am7291dd924c3f73acb78845632ca5f30b	V1 colon V2 bij V3 , V4 in V3 vdash V1 ( F^ { -1 } ( V4 ) ) = V4	Rechts-Umkehrung
1	thm:auto:3.17.12.83	theorem	3.17.12.83	am58ac373e4f937f44a85eb5cd1475ea93	V1 subseteq V2 , V3 colon V4 bij V2 vdash F[F^ { -1 } [Y]] = V1	Bild des Urbilds einer Teilmenge unter einer Bijektion
1	thm:auto:3.17.12.84	theorem	3.17.12.84	am7a85c96cdb56172fa4c6148277cce8f3	V1 in V2 , V3 in V2 , F^ { -1 } ( V1 ) = F^ { -1 } ( V3 ) vdash V1 = V3	Injektivität von \\(F^{-1}\\)
1	thm:auto:3.17.12.85	theorem	3.17.12.85	amc79b80594ab114ef0362e9cd5a152676	V1 in V2 vdash exists V3 in V4 F^ { -1 } ( V3 ) = V1	Surjektivität von \\(F^{-1}\\)
1	thm:auto:3.17.12.86	theorem	3.17.12.86	am13a88b919f76d87c0b34ef68da20f22f	V1 colon V2 bij V3 vdash F^ { -1 } colon V3 bij V2	\\(F^{-1}\\) als bijektive Funktion
1	thm:auto:3.17.12.87	theorem	3.17.12.87	am34930a098bfa5c2924d247a8c5ef86a2	Id _{V1}^ { -1 } = Id _{V1}	Eigeninversität der Identität
1	thm:auto:3.17.12.88	theorem	3.17.12.88	am748b2fec66e02e51b9eac61652c7e7ac	forall V1 in V2 ( V3 ( V4 ( V1 ) ) = V1 ) vdash V4 = F^ { -1 }
1	thm:auto:3.17.12.89	theorem	3.17.12.89	am249595f1fd41f1d90f61667b5ec50508	forall V1 in V2 ( F^ { -1 } ( V3 ( V1 ) ) = V1 ) vdash V3 = V4
1	def:auto:3.17.12.15	definition	3.17.12.15	am9cd96fb1c5e23f2b6a72a2aca5571675	V1 in V2 vdash t_ { V3 circ V4 } ( V1 ) coloneqq V3 ( V4 ( V1 ) )	Funktionsvorschrift für die Komposition \\(G\\circ F\\)
1	thm:auto:3.17.12.90	theorem	3.17.12.90	amd00567a4d81109559dae711f5cf6d7d0	V1 in V2 vdash t_ { V3 circ V4 } ( V1 ) in V5	Typisierungsaxiom für \\(t_{G\\circ F}\\)
1	thm:auto:3.17.12.91	theorem	3.17.12.91	am88eabe20837e5bcc5b558082641bf2f6	exists ! V1 colon V2 to V3 forall V4 in V2 V1 ( V4 ) = t_ { V5 circ V6 } ( V4 )	Komposition als Funktion
1	def:auto:3.17.12.16	definition	3.17.12.16	am53366839c8b51103db80f2822b0a7b40	V1 circ V2 coloneqq iota V3 ( V3 colon V4 to V5 land forall V6 in V4 V3 ( V6 ) = t_ { V1 circ V2 } ( V6 ) )	Komposition $G\\circ F$
1	thm:auto:3.17.12.92	theorem	3.17.12.92	am4e1456db1edc4d1a41cecfba4d255bae	V1 circ V2 colon V3 to V4	Komposition als Abbildung
1	thm:auto:3.17.12.93	theorem	3.17.12.93	am743d8b46dc474768dd6b7044f13ee8e7	V1 subseteq V2 , V3 colon V4 to V1 vdash iota _ { V1 , V2 } circ V3 colon V4 to V2
1	thm:auto:3.17.12.94	theorem	3.17.12.94	amf98f6ec9d9ceb0667e4a75bf296f3e69	V1 in V2 vdash ( V3 circ V4 ) ( V1 ) = V3 ( V4 ( V1 ) )	Grundgleichung der Komposition (für $F\\circ G$)
1	thm:auto:3.17.12.95	theorem	3.17.12.95	am834c335423c28f2219d853107efe19ff	V1 in V2 vdash V3 ( V4 ( V1 ) ) = ( V3 circ V4 ) ( V1 )
1	thm:auto:3.17.12.96	theorem	3.17.12.96	ambeed17e62fc9f9156fde511b0c6bec15	V1 in V2 vdash ( ( V3 circ V4 ) circ V5 ) ( V1 ) = V3 ( V4 ( V5 ( V1 ) ) )	Grundgleichung der Komposition für drei Komponenten
1	thm:auto:3.17.12.97	theorem	3.17.12.97	ama6d500a7fc0bec78942437551f756dfd	V1 in V2 vdash V3 ( V4 ( V5 ( V1 ) ) ) = ( ( V3 circ V4 ) circ V5 ) ( V1 )
1	thm:auto:3.17.12.98	theorem	3.17.12.98	am6ba715c2e42746c7652c02b2fe3d26ab	V1 in V2 , V3 in V2 , V4 ( V5 ( V1 ) ) = V4 ( V5 ( V3 ) ) vdash ( V4 circ V5 ) ( V1 ) = ( V4 circ V5 ) ( V3 )
1	thm:auto:3.17.12.99	theorem	3.17.12.99	am6ab66bd952ab713b2451c099c67abd8c	V1 in V2 , V3 in V2 , ( V4 circ V5 ) ( V1 ) = ( V4 circ V5 ) ( V3 ) vdash V4 ( V5 ( V1 ) ) = V4 ( V5 ( V3 ) )
1	thm:auto:3.17.12.100	theorem	3.17.12.100	ama19975d4a478c9524fd03c0f6c523678	V1 in V2 , V3 in V2 , V4 ( V5 ( V1 ) ) neq V4 ( V5 ( V3 ) ) vdash ( V4 circ V5 ) ( V1 ) neq ( V4 circ V5 ) ( V3 )	Ungleichheit auf Kompositionswerte heben
1	thm:auto:3.17.12.101	theorem	3.17.12.101	am4c84cff7e7a8bd4281932201d311426c	V1 in V2 , V3 in V2 , ( V4 circ V5 ) ( V1 ) = ( V4 circ V5 ) ( V3 ) vdash V1 = V3	Erhalt der Injektivität
1	thm:auto:3.17.12.102	theorem	3.17.12.102	am0d32fb7a602fcfcdadbb52c53ee69004	V1 colon V2 inj V3 , V4 colon V3 inj V5 vdash V4 circ V1 colon V2 inj V5	Die Komposition als injektive Funktion
1	thm:auto:3.17.12.103	theorem	3.17.12.103	am82bce0b6a3a1b6ee521c7627a0d3e112	V1 subseteq V2 , V3 colon V4 inj V1 vdash iota _ { V1 , V2 } circ V3 colon V4 inj V2
1	thm:auto:3.17.12.104	theorem	3.17.12.104	am7f53903baac76da7989f94d87953ff9b	V1 in V2 vdash exists V3 in V4 ( V5 circ V6 ) ( V3 ) = V1	Erhalt der Surjektivität
1	thm:auto:3.17.12.105	theorem	3.17.12.105	amffae48e72b80ac3aa8bc2521ec948451	V1 circ V2 colon V3 sur V4	Die Komposition als surjektive Funktion
1	thm:auto:3.17.12.106	theorem	3.17.12.106	am4b30bbb67a7ac4e3086046dbbdb85be7	V1 colon V2 bij V3 , V4 colon V3 bij V5 vdash V4 circ V1 colon V2 bij V5	Die Komposition als bijektive Funktion
1	thm:auto:3.17.12.107	theorem	3.17.12.107	am68adf5e00d46b1f1b2d14c6c05aaa869	V1 subseteq V2 vdash V3 restriction _{V1} = V3 circ iota _ { V1 , V2 }
1	thm:auto:3.17.12.108	theorem	3.17.12.108	am2d6873d313ca32a0da9de23fae915af6	V1 = V2 vdash V3 circ V1 = V3 circ V2
1	thm:auto:3.17.12.109	theorem	3.17.12.109	am19d98df35eb12abc8e5e79ead84761bf	V1 = V2 vdash V1 circ V3 = V2 circ V3
1	thm:auto:3.17.12.110	theorem	3.17.12.110	amc1afee23aa8104185d1b028e8d987c81	V1 circ ( V2 circ V3 ) = ( V1 circ V2 ) circ V3	Assoziativität
1	thm:auto:3.17.12.111	theorem	3.17.12.111	am6a68141a1fc37a50df21d475e423c89a	Id _{V1} circ V2 = V2	Linksneutralität
1	thm:auto:3.17.12.112	theorem	3.17.12.112	am6f35acde0c9dc434468ba17cdd90dfa6	V1 circ Id _{V2} = V1	Rechtsneutralität
1	thm:auto:3.17.12.113	theorem	3.17.12.113	ama173f0e425b38ff967ff4bff27b1b4f7	V1 circ F^ { -1 } = Id _{V2}
1	thm:auto:3.17.12.114	theorem	3.17.12.114	am4751f478188108af82b4afa8b98e974b	F^ { -1 } circ V1 = Id _{V2}
1	thm:auto:3.17.12.115	theorem	3.17.12.115	amde6ae6f82969dc755c2ec3251bc690a0	V1 in V2 vdash ( G^ { -1 } circ F^ { -1 } ) ( ( V3 circ V4 ) ( V1 ) ) = V1
1	thm:auto:3.17.12.116	theorem	3.17.12.116	amd28ad891d01f7f79e4e40acac68ad1f8	G^ { -1 } circ F^ { -1 } = ( V1 circ V2 ) ^ { -1 }	Inverse der Komposition
1	thm:auto:3.17.12.117	theorem	3.17.12.117	amd88dd44917de1b57886ddac2a1aaf7ad	V1 circ V2 colon V3 to V4 bijektiv , V5 in V3 , V6 in V3 , V2 ( V5 ) = V2 ( V6 ) vdash V5 = V6
1	thm:auto:3.17.12.118	theorem	3.17.12.118	amb6ca0e1a1a0b423652cee2599a0660e7	V1 circ V2 colon V3 to V4 bijektiv , V5 in V4 vdash exists V6 in V7 V1 ( V6 ) = V5
1	thm:auto:3.17.12.119	theorem	3.17.12.119	amf0ec4131d48ee037966c9c070ea8ec29	V1 circ V2 colon V3 to V4 bijektiv , V2 colon V3 to V5 surjektiv , V6 in V5 , V7 in V5 , V1 ( V6 ) = V1 ( V7 ) vdash V6 = V7
1	thm:auto:3.17.12.120	theorem	3.17.12.120	amd93ee74c92e2c1e3601fa3e5e17d1f97	V1 circ V2 colon V3 bij V4 vdash V2 colon V3 inj V5
1	thm:auto:3.17.12.121	theorem	3.17.12.121	ama8d86ad735b7d9447611db46083b192f	V1 circ V2 colon V3 bij V4 vdash V1 colon V5 sur V4
1	thm:auto:3.17.12.122	theorem	3.17.12.122	am2eb375d17227f2101613fa1584f21f07	V1 colon V2 sur V3 , V4 circ V1 colon V2 bij V5 vdash V4 colon V3 bij V5
1	thm:auto:3.17.12.123	theorem	3.17.12.123	amd6fb97e6aebfc4c1aa614524e3aac029	V1 circ V2 = Id _{V3} , V2 circ V1 = Id _{V4} vdash V1 colon V4 bij V3
1	thm:auto:3.17.12.124	theorem	3.17.12.124	amf697b4623ad56bdf96927687c66a8c91	V1 circ V2 = Id _{V3} , V2 circ V1 = Id _{V4} vdash V2 colon V3 bij V4
1	thm:auto:3.17.12.125	theorem	3.17.12.125	am4fc53da2428f67514c592e1c5e249242	V1 circ V2 = Id _{V3} , V2 circ V1 = Id _{V4} vdash V2 = F^ { -1 }
1	thm:auto:3.17.12.126	theorem	3.17.12.126	am41448ae14674fb3122d070c0af0dee85	V1 circ V2 = Id _{V3} vdash V2 colon V3 inj V4	Rechtsinverse ist injektiv
1	thm:auto:3.17.12.127	theorem	3.17.12.127	am8285bd755bdbc9627d451a0db5a5cece	V1 colon V2 sur V3 , V4 colon V3 to V2 , forall V5 in V3 ( V1 ( V4 ( V5 ) ) = V5 ) vdash V4 colon V3 inj V2
1	def:auto:3.17.12.17	definition	3.17.12.17	ama287c47189345093d28a7b1053a44c5e	V1 colon V2 to V3 , V4 in powerset ( V2 ) vdash tPowMap { V1 } ( V4 ) coloneqq F[X]	Funktionsvorschrift der induzierten Potenzmengenabbildung
1	thm:auto:3.17.12.128	theorem	3.17.12.128	am94722de09ce202085c07f2b5c8f64f5f	V1 colon V2 to V3 , V4 in powerset ( V2 ) vdash tPowMap { V1 } ( V4 ) in powerset ( V3 )	Typisierung der Funktionsvorschrift der induzierten Potenzmengenabbildung
1	thm:auto:3.17.12.129	theorem	3.17.12.129	amaf71a09eb62d89875e59899dfc1e79fe	V1 colon V2 to V3 vdash exists ! V4 colon powerset ( V2 ) to powerset ( V3 ) forall V5 in powerset ( V2 ) V4 ( V5 ) = tPowMap { V1 } ( V5 )	Existenz der induzierten Potenzmengenabbildung
1	def:auto:3.17.12.18	definition	3.17.12.18	am8618d0c66867156139bd02d8e11698f3	V1 colon V2 to V3 vdash PowMap { V1 } coloneqq iota V4 ( V4 colon powerset ( V2 ) to powerset ( V3 ) land forall V5 in powerset ( V2 ) V4 ( V5 ) = tPowMap { V1 } ( V5 ) )	Induzierte Potenzmengenabbildung
1	thm:auto:3.17.12.130	theorem	3.17.12.130	amb92897a83826b23577fbb35735962174	V1 colon V2 to V3 vdash PowMap { V1 } colon powerset ( V2 ) to powerset ( V3 )	Typisierung der induzierten Potenzmengenabbildung
1	thm:auto:3.17.12.131	theorem	3.17.12.131	am2c2550ad80b0beae5282b9a87ae0693e	V1 colon V2 to V3 , V4 in powerset ( V2 ) vdash PowMap { V1 } ( V4 ) = F[X]	Explizite Werte der induzierten Potenzmengenabbildung
1	thm:auto:3.17.12.132	theorem	3.17.12.132	am24faa4bd1684eaab27a29f6d0ec9eb47	V1 colon V2 bij V3 , V4 in powerset ( V2 ) , V5 in powerset ( V2 ) , PowMap { V1 } ( V4 ) = PowMap { V1 } ( V5 ) vdash V4 = V5	Injektivität der induzierten Potenzmengenabbildung
1	thm:pp:3.17.12.132:1	theorem	3.17.12.132(i)	amdd4b5e5a536cb6a9277229e124f7256a	V1 colon V2 bij V3 , V4 in powerset ( V2 ) , V5 in powerset ( V2 ) , PowMap { V1 } ( V4 ) = PowMap { V1 } ( V5 ) vdash F[X] = F[Y]	Hilfsschritt \\(F[X]=F[Y]\\)
1	thm:auto:3.17.12.133	theorem	3.17.12.133	am3c189ef369db1427618ba36aedb091f1	V1 colon V2 bij V3 , V4 in powerset ( V3 ) vdash exists V5 in powerset ( V2 ) PowMap { V1 } ( V5 ) = V4	Surjektivität der induzierten Potenzmengenabbildung
1	thm:auto:3.17.12.134	theorem	3.17.12.134	amd72a8dc69db2854294732621bf90eb36	V1 colon V2 bij V3 vdash PowMap { V1 } colon powerset ( V2 ) bij powerset ( V3 )	Induzierte Potenzmengenabbildung einer Bijektion
1	def:auto:3.17.12.19	definition	3.17.12.19	amacd41fafc323cedda0daccc927ce497c	V1 in V2 cup { V3 } vdash tExtMap { V4 } { V3 } { V5 } ( V1 ) coloneqq IfThenElse { V1 = V3 } { V5 } { V4 ( V1 ) }	Funktionsvorschrift der Erweiterung
1	thm:auto:3.17.12.135	theorem	3.17.12.135	am85e5d0e4eccd4f03eeaab557614d0175	V1 notin V2 , V3 colon V2 to V4 , V5 in V4 , V6 in V2 cup { V1 } vdash tExtMap { V3 } { V1 } { V5 } ( V6 ) in V4	Typisierungsaxiom für $\\tExtMap {f}{a}{b}$
1	thm:auto:3.17.12.136	theorem	3.17.12.136	am4230e935683308b075cc997a33627215	V1 notin V2 , V3 colon V2 to V4 , V5 in V4 vdash exists ! V6 colon ( V2 cup { V1 } ) to V4 forall V7 in V2 cup { V1 } V6 ( V7 ) = tExtMap { V3 } { V1 } { V5 } ( V7 )	Erweiterung als Funktion zur Vorschrift
1	def:auto:3.17.12.20	definition	3.17.12.20	am38106f146bebeca3f2ea64775315a34f	V1 notin V2 , V3 colon V2 to V4 , V5 in V4 vdash ExtMap { V3 } { V1 } { V5 } coloneqq iota V6 ( V6 colon ( V2 cup { V1 } ) to V4 land forall V7 in V2 cup { V1 } V6 ( V7 ) = tExtMap { V3 } { V1 } { V5 } ( V7 ) )	Erweiterungsabbildung
ID	a\\protect \\notin  A ,\\protect \\allowbreak  \\ f\\protect \\colon  A\\to M ,\\protect \\allowbreak  \\ b\\in M \\vdash \\protect \\Ext  _{f,a,b}\\mathrel {\\mathop :}\\mathrel {\\mkern -1.2mu}=\\iota g\\protect \\Bigl  ( g\\protect \\colon  (A\\cup \\{a\\})\\to M \\land \\forall x\\in A\\cup \\{a\\}\\protect \\,g(x)=t_{\\protect \\Ext  _{f,a,b}}(x) \\protect \\Bigr  ) 	definition	def:auto:3.17.12.20
1	thm:auto:3.17.12.137	theorem	3.17.12.137	am11d235c3a226111c2189fc41172ff77a	V1 notin V2 , V3 colon V2 to V4 , V5 in V4 vdash ExtMap { V3 } { V1 } { V5 } colon ( V2 cup { V1 } ) to V4	Erweiterungsabbildung ist eine Funktion
1	thm:auto:3.17.12.138	theorem	3.17.12.138	am8247b482488220628ed041eb1e7dfbee	V1 notin V2 , V3 colon V2 to V4 , V5 in V4 , V6 in V2 cup { V1 } vdash ExtMap { V3 } { V1 } { V5 } ( V6 ) = tExtMap { V3 } { V1 } { V5 } ( V6 )	Grundgleichung der Erweiterung
1	thm:auto:3.17.12.139	theorem	3.17.12.139	amc8f50bc4927ef731ed116105a9a6ac39	V1 notin V2 , V3 colon V2 to V4 , V5 in V4 vdash ExtMap { V3 } { V1 } { V5 } ( V1 ) = V5	Erweiterung trifft den neuen Punkt
1	thm:auto:3.17.12.140	theorem	3.17.12.140	am5b12d520b917493ce71cbb21389bb9af	V1 notin V2 , V3 colon V2 to V4 , V5 in V4 vdash forall V6 in V2 ExtMap { V3 } { V1 } { V5 } ( V6 ) = V3 ( V6 )	Erweiterung stimmt auf $A$ mit $f$ überein
1	thm:auto:3.17.12.141	theorem	3.17.12.141	am1245fcde0dabf938a81616bae2a28912	V1 notin V2 , V3 colon V2 to V4 , V5 in V4 , V6 in V2 cup { V1 } vdash ExtMap { V3 } { V1 } { V5 } ( V6 ) = IfThenElse { V6 = V1 } { V5 } { V3 ( V6 ) }	Auswertungsformel der Erweiterung
1	thm:auto:3.17.12.142	theorem	3.17.12.142	am04e4f993d82818e5f7e55cdf221ad7be	begin { aligned } [t] &a notin V1 , V2 colon V1 to V3 , V4 in V3 \\ & vdash exists V5 colon ( V1 cup { V6 } ) to V3 ( V5 ( V6 ) = V4 land forall V7 in V1 V5 ( V7 ) = V2 ( V7 ) ) end { aligned }	Punkt-Erweiterung
1	thm:auto:3.17.12.143	theorem	3.17.12.143	am55da69df6da8bf7db4bf27e088b1211e	V1 colon varnothing to V2 vdash V1 = varnothing	Jede Funktion aus $\\varnothing $ ist leer
1	thm:auto:3.17.12.144	theorem	3.17.12.144	am67141e0313a86f6f52238ed814232d8f	varnothing colon varnothing to V1	Leere Relation ist eine Funktion
1	thm:auto:3.17.12.145	theorem	3.17.12.145	ame30c0730fad2ed1b5e6b0fff0446b968	exists ! V1 ( V1 colon varnothing to V2 )	Eindeutige Existenz einer Funktion aus $\\varnothing $
1	thm:auto:3.17.12.146	theorem	3.17.12.146	amf3ff2bae9dd742c41f400801ae8c1ff3	varnothing colon varnothing inj V1	Leere Relation ist injektiv
1	thm:auto:3.17.12.147	theorem	3.17.12.147	am73dc0fc360130e88be0471b4f1e1a76d	varnothing colon varnothing sur varnothing	Leere Relation ist surjektiv auf $\\varnothing $
1	thm:auto:3.17.12.148	theorem	3.17.12.148	amfb1b468d49cdfe5c19fac30d7a9a718c	varnothing colon varnothing bij varnothing	Leere Relation ist bijektiv auf $\\varnothing $
1	thm:auto:3.17.12.149	theorem	3.17.12.149	amc3f9165cf938d32dee814c80dbeeea92	V1 neq varnothing vdash neg exists V2 colon V1 to varnothing
1	def:auto:3.17.13.1	definition	3.17.13.1	am341ec87d3c0404b6c000129570f14a7b	V1 EqCard V2 coloneqq exists V3 colon V1 bij V2	Begriff der gleichmächtigen Mengen
1	def:auto:3.17.13.1	definition	3.17.13.1	amfea8b1d5120d35cbfbfce6ede010afe6	Gleichmächtigkeit	Begriff der gleichmächtigen Mengen
ID	Gleichmächtigkeit	definition	def:auto:3.17.13.1
1	thm:auto:3.17.13.1	theorem	3.17.13.1	am1d36def82f3e999fd71b5452d650d1c8	V1 EqCard V1	Reflexivität der Gleichmächtigkeit
1	thm:auto:3.17.13.2	theorem	3.17.13.2	amb56a5bb42b04f570dfe4ea026f478a5f	V1 EqCard V2 vdash V2 EqCard V1	Symmetrie der Gleichmächtigkeit
1	thm:auto:3.17.13.3	theorem	3.17.13.3	am078b9f9b1ba4cdc9c726012a87698b3b	V1 EqCard V2 , V2 EqCard V3 vdash V1 EqCard V3	Transitivität der Gleichmächtigkeit
1	thm:auto:3.17.13.4	theorem	3.17.13.4	am72cdf03cfb3d2ed03d5163c52d8fd385	V1 EqCard V2 vdash powerset ( V1 ) EqCard powerset ( V2 )	Potenzmengen gleichmächtiger Mengen sind gleichmächtig
